ISO-10303-21;
HEADER;
/* Generated by software containing ST-Developer
 * from STEP Tools, Inc. (www.steptools.com) 
 */

FILE_DESCRIPTION(
/* description */ (''),
/* implementation_level */ '2;1');

FILE_NAME(
/* name */ 'Micro Push Button Yellow v2.step',
/* time_stamp */ '2025-10-04T23:16:38-07:00',
/* author */ (''),
/* organization */ (''),
/* preprocessor_version */ 'ST-DEVELOPER v20.1',
/* originating_system */ 'Autodesk Translation Framework v14.17.0.0',
/* authorisation */ '');

FILE_SCHEMA (('AUTOMOTIVE_DESIGN { 1 0 10303 214 3 1 1 }'));
ENDSEC;

DATA;
#10=MECHANICAL_DESIGN_GEOMETRIC_PRESENTATION_REPRESENTATION('',(#29,#30,
#31,#32,#33,#34,#35,#36,#37,#38,#39,#40,#41,#42,#43,#44,#45,#46,#47,#48,
#49,#50,#51,#52),#2497);
#11=SHAPE_REPRESENTATION_RELATIONSHIP('SRR','None',#2504,#12);
#12=ADVANCED_BREP_SHAPE_REPRESENTATION('',(#13,#14,#15,#16,#17,#18),#2496);
#13=MANIFOLD_SOLID_BREP('Body1',#1512);
#14=MANIFOLD_SOLID_BREP('Body2',#1513);
#15=MANIFOLD_SOLID_BREP('Body3',#1514);
#16=MANIFOLD_SOLID_BREP('Body4',#1515);
#17=MANIFOLD_SOLID_BREP('Body5',#1516);
#18=MANIFOLD_SOLID_BREP('Body6',#1517);
#19=FACE_BOUND('',#223,.T.);
#20=FACE_BOUND('',#224,.T.);
#21=FACE_BOUND('',#225,.T.);
#22=FACE_BOUND('',#226,.T.);
#23=FACE_BOUND('',#227,.T.);
#24=FACE_BOUND('',#229,.T.);
#25=FACE_BOUND('',#246,.T.);
#26=FACE_BOUND('',#255,.T.);
#27=FACE_BOUND('',#262,.T.);
#28=FACE_BOUND('',#264,.T.);
#29=STYLED_ITEM('',(#2515),#1427);
#30=STYLED_ITEM('',(#2515),#1428);
#31=STYLED_ITEM('',(#2515),#1429);
#32=STYLED_ITEM('',(#2515),#1430);
#33=STYLED_ITEM('',(#2515),#1440);
#34=STYLED_ITEM('',(#2515),#1441);
#35=STYLED_ITEM('',(#2515),#1442);
#36=STYLED_ITEM('',(#2515),#1443);
#37=STYLED_ITEM('',(#2515),#1444);
#38=STYLED_ITEM('',(#2515),#1445);
#39=STYLED_ITEM('',(#2515),#1446);
#40=STYLED_ITEM('',(#2515),#1447);
#41=STYLED_ITEM('',(#2515),#1448);
#42=STYLED_ITEM('',(#2515),#1449);
#43=STYLED_ITEM('',(#2515),#1450);
#44=STYLED_ITEM('',(#2515),#1451);
#45=STYLED_ITEM('',(#2515),#1452);
#46=STYLED_ITEM('',(#2515),#1453);
#47=STYLED_ITEM('',(#2514),#13);
#48=STYLED_ITEM('',(#2516),#14);
#49=STYLED_ITEM('',(#2513),#15);
#50=STYLED_ITEM('',(#2513),#16);
#51=STYLED_ITEM('',(#2513),#17);
#52=STYLED_ITEM('',(#2513),#18);
#53=PLANE('',#1534);
#54=PLANE('',#1547);
#55=PLANE('',#1551);
#56=PLANE('',#1555);
#57=PLANE('',#1559);
#58=PLANE('',#1563);
#59=PLANE('',#1564);
#60=PLANE('',#1569);
#61=PLANE('',#1570);
#62=PLANE('',#1571);
#63=PLANE('',#1572);
#64=PLANE('',#1575);
#65=PLANE('',#1578);
#66=PLANE('',#1581);
#67=PLANE('',#1584);
#68=PLANE('',#1585);
#69=PLANE('',#1592);
#70=PLANE('',#1596);
#71=PLANE('',#1601);
#72=PLANE('',#1604);
#73=PLANE('',#1605);
#74=PLANE('',#1606);
#75=PLANE('',#1607);
#76=PLANE('',#1608);
#77=PLANE('',#1609);
#78=PLANE('',#1610);
#79=PLANE('',#1614);
#80=PLANE('',#1615);
#81=PLANE('',#1616);
#82=PLANE('',#1617);
#83=PLANE('',#1618);
#84=PLANE('',#1619);
#85=PLANE('',#1620);
#86=PLANE('',#1621);
#87=PLANE('',#1622);
#88=PLANE('',#1623);
#89=PLANE('',#1624);
#90=PLANE('',#1625);
#91=PLANE('',#1626);
#92=PLANE('',#1627);
#93=PLANE('',#1628);
#94=PLANE('',#1629);
#95=PLANE('',#1630);
#96=PLANE('',#1631);
#97=PLANE('',#1632);
#98=PLANE('',#1633);
#99=PLANE('',#1634);
#100=PLANE('',#1635);
#101=PLANE('',#1636);
#102=PLANE('',#1637);
#103=PLANE('',#1638);
#104=PLANE('',#1639);
#105=PLANE('',#1640);
#106=PLANE('',#1641);
#107=PLANE('',#1642);
#108=PLANE('',#1643);
#109=PLANE('',#1644);
#110=PLANE('',#1645);
#111=PLANE('',#1646);
#112=PLANE('',#1647);
#113=PLANE('',#1648);
#114=PLANE('',#1649);
#115=PLANE('',#1650);
#116=PLANE('',#1651);
#117=PLANE('',#1652);
#118=PLANE('',#1653);
#119=PLANE('',#1654);
#120=PLANE('',#1655);
#121=FACE_OUTER_BOUND('',#208,.T.);
#122=FACE_OUTER_BOUND('',#209,.T.);
#123=FACE_OUTER_BOUND('',#210,.T.);
#124=FACE_OUTER_BOUND('',#211,.T.);
#125=FACE_OUTER_BOUND('',#212,.T.);
#126=FACE_OUTER_BOUND('',#213,.T.);
#127=FACE_OUTER_BOUND('',#214,.T.);
#128=FACE_OUTER_BOUND('',#215,.T.);
#129=FACE_OUTER_BOUND('',#216,.T.);
#130=FACE_OUTER_BOUND('',#217,.T.);
#131=FACE_OUTER_BOUND('',#218,.T.);
#132=FACE_OUTER_BOUND('',#219,.T.);
#133=FACE_OUTER_BOUND('',#220,.T.);
#134=FACE_OUTER_BOUND('',#221,.T.);
#135=FACE_OUTER_BOUND('',#222,.T.);
#136=FACE_OUTER_BOUND('',#228,.T.);
#137=FACE_OUTER_BOUND('',#230,.T.);
#138=FACE_OUTER_BOUND('',#231,.T.);
#139=FACE_OUTER_BOUND('',#232,.T.);
#140=FACE_OUTER_BOUND('',#233,.T.);
#141=FACE_OUTER_BOUND('',#234,.T.);
#142=FACE_OUTER_BOUND('',#235,.T.);
#143=FACE_OUTER_BOUND('',#236,.T.);
#144=FACE_OUTER_BOUND('',#237,.T.);
#145=FACE_OUTER_BOUND('',#238,.T.);
#146=FACE_OUTER_BOUND('',#239,.T.);
#147=FACE_OUTER_BOUND('',#240,.T.);
#148=FACE_OUTER_BOUND('',#241,.T.);
#149=FACE_OUTER_BOUND('',#242,.T.);
#150=FACE_OUTER_BOUND('',#243,.T.);
#151=FACE_OUTER_BOUND('',#244,.T.);
#152=FACE_OUTER_BOUND('',#245,.T.);
#153=FACE_OUTER_BOUND('',#247,.T.);
#154=FACE_OUTER_BOUND('',#248,.T.);
#155=FACE_OUTER_BOUND('',#249,.T.);
#156=FACE_OUTER_BOUND('',#250,.T.);
#157=FACE_OUTER_BOUND('',#251,.T.);
#158=FACE_OUTER_BOUND('',#252,.T.);
#159=FACE_OUTER_BOUND('',#253,.T.);
#160=FACE_OUTER_BOUND('',#254,.T.);
#161=FACE_OUTER_BOUND('',#256,.T.);
#162=FACE_OUTER_BOUND('',#257,.T.);
#163=FACE_OUTER_BOUND('',#258,.T.);
#164=FACE_OUTER_BOUND('',#259,.T.);
#165=FACE_OUTER_BOUND('',#260,.T.);
#166=FACE_OUTER_BOUND('',#261,.T.);
#167=FACE_OUTER_BOUND('',#263,.T.);
#168=FACE_OUTER_BOUND('',#265,.T.);
#169=FACE_OUTER_BOUND('',#266,.T.);
#170=FACE_OUTER_BOUND('',#267,.T.);
#171=FACE_OUTER_BOUND('',#268,.T.);
#172=FACE_OUTER_BOUND('',#269,.T.);
#173=FACE_OUTER_BOUND('',#270,.T.);
#174=FACE_OUTER_BOUND('',#271,.T.);
#175=FACE_OUTER_BOUND('',#272,.T.);
#176=FACE_OUTER_BOUND('',#273,.T.);
#177=FACE_OUTER_BOUND('',#274,.T.);
#178=FACE_OUTER_BOUND('',#275,.T.);
#179=FACE_OUTER_BOUND('',#276,.T.);
#180=FACE_OUTER_BOUND('',#277,.T.);
#181=FACE_OUTER_BOUND('',#278,.T.);
#182=FACE_OUTER_BOUND('',#279,.T.);
#183=FACE_OUTER_BOUND('',#280,.T.);
#184=FACE_OUTER_BOUND('',#281,.T.);
#185=FACE_OUTER_BOUND('',#282,.T.);
#186=FACE_OUTER_BOUND('',#283,.T.);
#187=FACE_OUTER_BOUND('',#284,.T.);
#188=FACE_OUTER_BOUND('',#285,.T.);
#189=FACE_OUTER_BOUND('',#286,.T.);
#190=FACE_OUTER_BOUND('',#287,.T.);
#191=FACE_OUTER_BOUND('',#288,.T.);
#192=FACE_OUTER_BOUND('',#289,.T.);
#193=FACE_OUTER_BOUND('',#290,.T.);
#194=FACE_OUTER_BOUND('',#291,.T.);
#195=FACE_OUTER_BOUND('',#292,.T.);
#196=FACE_OUTER_BOUND('',#293,.T.);
#197=FACE_OUTER_BOUND('',#294,.T.);
#198=FACE_OUTER_BOUND('',#295,.T.);
#199=FACE_OUTER_BOUND('',#296,.T.);
#200=FACE_OUTER_BOUND('',#297,.T.);
#201=FACE_OUTER_BOUND('',#298,.T.);
#202=FACE_OUTER_BOUND('',#299,.T.);
#203=FACE_OUTER_BOUND('',#300,.T.);
#204=FACE_OUTER_BOUND('',#301,.T.);
#205=FACE_OUTER_BOUND('',#302,.T.);
#206=FACE_OUTER_BOUND('',#303,.T.);
#207=FACE_OUTER_BOUND('',#304,.T.);
#208=EDGE_LOOP('',(#1004,#1005,#1006,#1007));
#209=EDGE_LOOP('',(#1008));
#210=EDGE_LOOP('',(#1009,#1010,#1011,#1012));
#211=EDGE_LOOP('',(#1013,#1014,#1015,#1016));
#212=EDGE_LOOP('',(#1017,#1018,#1019,#1020));
#213=EDGE_LOOP('',(#1021,#1022,#1023,#1024));
#214=EDGE_LOOP('',(#1025,#1026,#1027,#1028));
#215=EDGE_LOOP('',(#1029,#1030,#1031,#1032));
#216=EDGE_LOOP('',(#1033,#1034,#1035,#1036));
#217=EDGE_LOOP('',(#1037,#1038,#1039,#1040));
#218=EDGE_LOOP('',(#1041,#1042,#1043,#1044));
#219=EDGE_LOOP('',(#1045,#1046,#1047,#1048));
#220=EDGE_LOOP('',(#1049,#1050,#1051,#1052));
#221=EDGE_LOOP('',(#1053,#1054,#1055,#1056));
#222=EDGE_LOOP('',(#1057,#1058,#1059,#1060,#1061,#1062,#1063,#1064));
#223=EDGE_LOOP('',(#1065));
#224=EDGE_LOOP('',(#1066));
#225=EDGE_LOOP('',(#1067));
#226=EDGE_LOOP('',(#1068));
#227=EDGE_LOOP('',(#1069));
#228=EDGE_LOOP('',(#1070,#1071,#1072,#1073,#1074,#1075,#1076,#1077));
#229=EDGE_LOOP('',(#1078,#1079,#1080,#1081,#1082,#1083,#1084,#1085));
#230=EDGE_LOOP('',(#1086));
#231=EDGE_LOOP('',(#1087));
#232=EDGE_LOOP('',(#1088));
#233=EDGE_LOOP('',(#1089,#1090,#1091,#1092));
#234=EDGE_LOOP('',(#1093,#1094,#1095,#1096));
#235=EDGE_LOOP('',(#1097,#1098,#1099,#1100));
#236=EDGE_LOOP('',(#1101,#1102,#1103,#1104));
#237=EDGE_LOOP('',(#1105,#1106,#1107,#1108));
#238=EDGE_LOOP('',(#1109,#1110,#1111,#1112));
#239=EDGE_LOOP('',(#1113,#1114,#1115,#1116));
#240=EDGE_LOOP('',(#1117,#1118,#1119,#1120));
#241=EDGE_LOOP('',(#1121));
#242=EDGE_LOOP('',(#1122,#1123,#1124,#1125,#1126,#1127,#1128,#1129));
#243=EDGE_LOOP('',(#1130,#1131,#1132,#1133));
#244=EDGE_LOOP('',(#1134,#1135,#1136,#1137));
#245=EDGE_LOOP('',(#1138,#1139,#1140,#1141,#1142,#1143,#1144,#1145));
#246=EDGE_LOOP('',(#1146,#1147,#1148,#1149));
#247=EDGE_LOOP('',(#1150,#1151,#1152,#1153));
#248=EDGE_LOOP('',(#1154,#1155,#1156,#1157));
#249=EDGE_LOOP('',(#1158,#1159,#1160,#1161));
#250=EDGE_LOOP('',(#1162,#1163,#1164,#1165));
#251=EDGE_LOOP('',(#1166,#1167,#1168,#1169));
#252=EDGE_LOOP('',(#1170,#1171,#1172,#1173));
#253=EDGE_LOOP('',(#1174,#1175,#1176,#1177));
#254=EDGE_LOOP('',(#1178,#1179,#1180,#1181,#1182,#1183,#1184,#1185));
#255=EDGE_LOOP('',(#1186));
#256=EDGE_LOOP('',(#1187,#1188,#1189,#1190));
#257=EDGE_LOOP('',(#1191,#1192,#1193,#1194));
#258=EDGE_LOOP('',(#1195,#1196,#1197,#1198));
#259=EDGE_LOOP('',(#1199,#1200,#1201,#1202));
#260=EDGE_LOOP('',(#1203,#1204,#1205,#1206));
#261=EDGE_LOOP('',(#1207));
#262=EDGE_LOOP('',(#1208,#1209,#1210,#1211));
#263=EDGE_LOOP('',(#1212));
#264=EDGE_LOOP('',(#1213));
#265=EDGE_LOOP('',(#1214,#1215,#1216,#1217));
#266=EDGE_LOOP('',(#1218,#1219,#1220,#1221));
#267=EDGE_LOOP('',(#1222,#1223,#1224,#1225));
#268=EDGE_LOOP('',(#1226,#1227,#1228,#1229));
#269=EDGE_LOOP('',(#1230,#1231,#1232,#1233));
#270=EDGE_LOOP('',(#1234,#1235,#1236,#1237));
#271=EDGE_LOOP('',(#1238,#1239,#1240,#1241,#1242,#1243,#1244,#1245));
#272=EDGE_LOOP('',(#1246,#1247,#1248,#1249));
#273=EDGE_LOOP('',(#1250,#1251,#1252,#1253,#1254,#1255,#1256,#1257));
#274=EDGE_LOOP('',(#1258,#1259,#1260,#1261));
#275=EDGE_LOOP('',(#1262,#1263,#1264,#1265));
#276=EDGE_LOOP('',(#1266,#1267,#1268,#1269));
#277=EDGE_LOOP('',(#1270,#1271,#1272,#1273));
#278=EDGE_LOOP('',(#1274,#1275,#1276,#1277));
#279=EDGE_LOOP('',(#1278,#1279,#1280,#1281));
#280=EDGE_LOOP('',(#1282,#1283,#1284,#1285));
#281=EDGE_LOOP('',(#1286,#1287,#1288,#1289,#1290,#1291,#1292,#1293));
#282=EDGE_LOOP('',(#1294,#1295,#1296,#1297));
#283=EDGE_LOOP('',(#1298,#1299,#1300,#1301,#1302,#1303,#1304,#1305));
#284=EDGE_LOOP('',(#1306,#1307,#1308,#1309));
#285=EDGE_LOOP('',(#1310,#1311,#1312,#1313));
#286=EDGE_LOOP('',(#1314,#1315,#1316,#1317));
#287=EDGE_LOOP('',(#1318,#1319,#1320,#1321));
#288=EDGE_LOOP('',(#1322,#1323,#1324,#1325));
#289=EDGE_LOOP('',(#1326,#1327,#1328,#1329));
#290=EDGE_LOOP('',(#1330,#1331,#1332,#1333));
#291=EDGE_LOOP('',(#1334,#1335,#1336,#1337,#1338,#1339,#1340,#1341));
#292=EDGE_LOOP('',(#1342,#1343,#1344,#1345));
#293=EDGE_LOOP('',(#1346,#1347,#1348,#1349,#1350,#1351,#1352,#1353));
#294=EDGE_LOOP('',(#1354,#1355,#1356,#1357));
#295=EDGE_LOOP('',(#1358,#1359,#1360,#1361));
#296=EDGE_LOOP('',(#1362,#1363,#1364,#1365));
#297=EDGE_LOOP('',(#1366,#1367,#1368,#1369));
#298=EDGE_LOOP('',(#1370,#1371,#1372,#1373));
#299=EDGE_LOOP('',(#1374,#1375,#1376,#1377));
#300=EDGE_LOOP('',(#1378,#1379,#1380,#1381));
#301=EDGE_LOOP('',(#1382,#1383,#1384,#1385,#1386,#1387,#1388,#1389));
#302=EDGE_LOOP('',(#1390,#1391,#1392,#1393));
#303=EDGE_LOOP('',(#1394,#1395,#1396,#1397,#1398,#1399,#1400,#1401));
#304=EDGE_LOOP('',(#1402,#1403,#1404,#1405));
#305=LINE('',#2076,#468);
#306=LINE('',#2083,#469);
#307=LINE('',#2089,#470);
#308=LINE('',#2095,#471);
#309=LINE('',#2101,#472);
#310=LINE('',#2106,#473);
#311=LINE('',#2108,#474);
#312=LINE('',#2110,#475);
#313=LINE('',#2111,#476);
#314=LINE('',#2116,#477);
#315=LINE('',#2120,#478);
#316=LINE('',#2122,#479);
#317=LINE('',#2123,#480);
#318=LINE('',#2128,#481);
#319=LINE('',#2132,#482);
#320=LINE('',#2134,#483);
#321=LINE('',#2135,#484);
#322=LINE('',#2140,#485);
#323=LINE('',#2144,#486);
#324=LINE('',#2146,#487);
#325=LINE('',#2147,#488);
#326=LINE('',#2157,#489);
#327=LINE('',#2161,#490);
#328=LINE('',#2165,#491);
#329=LINE('',#2168,#492);
#330=LINE('',#2175,#493);
#331=LINE('',#2176,#494);
#332=LINE('',#2177,#495);
#333=LINE('',#2181,#496);
#334=LINE('',#2184,#497);
#335=LINE('',#2185,#498);
#336=LINE('',#2189,#499);
#337=LINE('',#2192,#500);
#338=LINE('',#2193,#501);
#339=LINE('',#2197,#502);
#340=LINE('',#2200,#503);
#341=LINE('',#2201,#504);
#342=LINE('',#2210,#505);
#343=LINE('',#2217,#506);
#344=LINE('',#2220,#507);
#345=LINE('',#2223,#508);
#346=LINE('',#2227,#509);
#347=LINE('',#2231,#510);
#348=LINE('',#2234,#511);
#349=LINE('',#2237,#512);
#350=LINE('',#2239,#513);
#351=LINE('',#2241,#514);
#352=LINE('',#2242,#515);
#353=LINE('',#2245,#516);
#354=LINE('',#2246,#517);
#355=LINE('',#2250,#518);
#356=LINE('',#2255,#519);
#357=LINE('',#2256,#520);
#358=LINE('',#2259,#521);
#359=LINE('',#2260,#522);
#360=LINE('',#2264,#523);
#361=LINE('',#2266,#524);
#362=LINE('',#2268,#525);
#363=LINE('',#2273,#526);
#364=LINE('',#2274,#527);
#365=LINE('',#2275,#528);
#366=LINE('',#2278,#529);
#367=LINE('',#2279,#530);
#368=LINE('',#2282,#531);
#369=LINE('',#2283,#532);
#370=LINE('',#2285,#533);
#371=LINE('',#2290,#534);
#372=LINE('',#2297,#535);
#373=LINE('',#2299,#536);
#374=LINE('',#2301,#537);
#375=LINE('',#2302,#538);
#376=LINE('',#2305,#539);
#377=LINE('',#2307,#540);
#378=LINE('',#2308,#541);
#379=LINE('',#2311,#542);
#380=LINE('',#2313,#543);
#381=LINE('',#2314,#544);
#382=LINE('',#2318,#545);
#383=LINE('',#2320,#546);
#384=LINE('',#2322,#547);
#385=LINE('',#2323,#548);
#386=LINE('',#2326,#549);
#387=LINE('',#2328,#550);
#388=LINE('',#2329,#551);
#389=LINE('',#2332,#552);
#390=LINE('',#2334,#553);
#391=LINE('',#2335,#554);
#392=LINE('',#2337,#555);
#393=LINE('',#2338,#556);
#394=LINE('',#2340,#557);
#395=LINE('',#2342,#558);
#396=LINE('',#2347,#559);
#397=LINE('',#2349,#560);
#398=LINE('',#2351,#561);
#399=LINE('',#2352,#562);
#400=LINE('',#2355,#563);
#401=LINE('',#2357,#564);
#402=LINE('',#2358,#565);
#403=LINE('',#2361,#566);
#404=LINE('',#2363,#567);
#405=LINE('',#2364,#568);
#406=LINE('',#2368,#569);
#407=LINE('',#2370,#570);
#408=LINE('',#2372,#571);
#409=LINE('',#2373,#572);
#410=LINE('',#2376,#573);
#411=LINE('',#2378,#574);
#412=LINE('',#2379,#575);
#413=LINE('',#2382,#576);
#414=LINE('',#2384,#577);
#415=LINE('',#2385,#578);
#416=LINE('',#2387,#579);
#417=LINE('',#2388,#580);
#418=LINE('',#2390,#581);
#419=LINE('',#2392,#582);
#420=LINE('',#2397,#583);
#421=LINE('',#2399,#584);
#422=LINE('',#2401,#585);
#423=LINE('',#2402,#586);
#424=LINE('',#2405,#587);
#425=LINE('',#2407,#588);
#426=LINE('',#2408,#589);
#427=LINE('',#2411,#590);
#428=LINE('',#2413,#591);
#429=LINE('',#2414,#592);
#430=LINE('',#2418,#593);
#431=LINE('',#2420,#594);
#432=LINE('',#2422,#595);
#433=LINE('',#2423,#596);
#434=LINE('',#2426,#597);
#435=LINE('',#2428,#598);
#436=LINE('',#2429,#599);
#437=LINE('',#2432,#600);
#438=LINE('',#2434,#601);
#439=LINE('',#2435,#602);
#440=LINE('',#2437,#603);
#441=LINE('',#2438,#604);
#442=LINE('',#2440,#605);
#443=LINE('',#2442,#606);
#444=LINE('',#2447,#607);
#445=LINE('',#2449,#608);
#446=LINE('',#2451,#609);
#447=LINE('',#2452,#610);
#448=LINE('',#2455,#611);
#449=LINE('',#2457,#612);
#450=LINE('',#2458,#613);
#451=LINE('',#2461,#614);
#452=LINE('',#2463,#615);
#453=LINE('',#2464,#616);
#454=LINE('',#2468,#617);
#455=LINE('',#2470,#618);
#456=LINE('',#2472,#619);
#457=LINE('',#2473,#620);
#458=LINE('',#2476,#621);
#459=LINE('',#2478,#622);
#460=LINE('',#2479,#623);
#461=LINE('',#2482,#624);
#462=LINE('',#2484,#625);
#463=LINE('',#2485,#626);
#464=LINE('',#2487,#627);
#465=LINE('',#2488,#628);
#466=LINE('',#2490,#629);
#467=LINE('',#2492,#630);
#468=VECTOR('',#1662,0.75);
#469=VECTOR('',#1671,0.415764635679482);
#470=VECTOR('',#1678,0.415764635679482);
#471=VECTOR('',#1685,0.415764635679482);
#472=VECTOR('',#1692,0.415764635679482);
#473=VECTOR('',#1697,10.);
#474=VECTOR('',#1698,10.);
#475=VECTOR('',#1699,10.);
#476=VECTOR('',#1700,10.);
#477=VECTOR('',#1705,10.);
#478=VECTOR('',#1710,10.);
#479=VECTOR('',#1711,10.);
#480=VECTOR('',#1712,10.);
#481=VECTOR('',#1717,10.);
#482=VECTOR('',#1722,10.);
#483=VECTOR('',#1723,10.);
#484=VECTOR('',#1724,10.);
#485=VECTOR('',#1729,10.);
#486=VECTOR('',#1734,10.);
#487=VECTOR('',#1735,10.);
#488=VECTOR('',#1736,10.);
#489=VECTOR('',#1749,10.);
#490=VECTOR('',#1752,10.);
#491=VECTOR('',#1755,10.);
#492=VECTOR('',#1758,10.);
#493=VECTOR('',#1767,10.);
#494=VECTOR('',#1768,10.);
#495=VECTOR('',#1769,10.);
#496=VECTOR('',#1774,10.);
#497=VECTOR('',#1777,10.);
#498=VECTOR('',#1778,10.);
#499=VECTOR('',#1783,10.);
#500=VECTOR('',#1786,10.);
#501=VECTOR('',#1787,10.);
#502=VECTOR('',#1792,10.);
#503=VECTOR('',#1795,10.);
#504=VECTOR('',#1796,10.);
#505=VECTOR('',#1809,0.75);
#506=VECTOR('',#1816,10.);
#507=VECTOR('',#1819,10.);
#508=VECTOR('',#1822,10.);
#509=VECTOR('',#1825,10.);
#510=VECTOR('',#1828,10.);
#511=VECTOR('',#1831,10.);
#512=VECTOR('',#1832,10.);
#513=VECTOR('',#1833,10.);
#514=VECTOR('',#1834,10.);
#515=VECTOR('',#1835,10.);
#516=VECTOR('',#1838,10.);
#517=VECTOR('',#1839,10.);
#518=VECTOR('',#1844,10.);
#519=VECTOR('',#1849,10.);
#520=VECTOR('',#1850,10.);
#521=VECTOR('',#1853,10.);
#522=VECTOR('',#1854,10.);
#523=VECTOR('',#1859,10.);
#524=VECTOR('',#1862,10.);
#525=VECTOR('',#1865,10.);
#526=VECTOR('',#1870,10.);
#527=VECTOR('',#1871,10.);
#528=VECTOR('',#1872,10.);
#529=VECTOR('',#1875,10.);
#530=VECTOR('',#1876,10.);
#531=VECTOR('',#1879,10.);
#532=VECTOR('',#1880,10.);
#533=VECTOR('',#1883,10.);
#534=VECTOR('',#1888,3.25);
#535=VECTOR('',#1897,10.);
#536=VECTOR('',#1898,10.);
#537=VECTOR('',#1899,10.);
#538=VECTOR('',#1900,10.);
#539=VECTOR('',#1903,10.);
#540=VECTOR('',#1904,10.);
#541=VECTOR('',#1905,10.);
#542=VECTOR('',#1908,10.);
#543=VECTOR('',#1909,10.);
#544=VECTOR('',#1910,10.);
#545=VECTOR('',#1913,10.);
#546=VECTOR('',#1914,10.);
#547=VECTOR('',#1915,10.);
#548=VECTOR('',#1916,10.);
#549=VECTOR('',#1919,10.);
#550=VECTOR('',#1920,10.);
#551=VECTOR('',#1921,10.);
#552=VECTOR('',#1924,10.);
#553=VECTOR('',#1925,10.);
#554=VECTOR('',#1926,10.);
#555=VECTOR('',#1929,10.);
#556=VECTOR('',#1930,10.);
#557=VECTOR('',#1933,10.);
#558=VECTOR('',#1936,10.);
#559=VECTOR('',#1941,10.);
#560=VECTOR('',#1942,10.);
#561=VECTOR('',#1943,10.);
#562=VECTOR('',#1944,10.);
#563=VECTOR('',#1947,10.);
#564=VECTOR('',#1948,10.);
#565=VECTOR('',#1949,10.);
#566=VECTOR('',#1952,10.);
#567=VECTOR('',#1953,10.);
#568=VECTOR('',#1954,10.);
#569=VECTOR('',#1957,10.);
#570=VECTOR('',#1958,10.);
#571=VECTOR('',#1959,10.);
#572=VECTOR('',#1960,10.);
#573=VECTOR('',#1963,10.);
#574=VECTOR('',#1964,10.);
#575=VECTOR('',#1965,10.);
#576=VECTOR('',#1968,10.);
#577=VECTOR('',#1969,10.);
#578=VECTOR('',#1970,10.);
#579=VECTOR('',#1973,10.);
#580=VECTOR('',#1974,10.);
#581=VECTOR('',#1977,10.);
#582=VECTOR('',#1980,10.);
#583=VECTOR('',#1985,10.);
#584=VECTOR('',#1986,10.);
#585=VECTOR('',#1987,10.);
#586=VECTOR('',#1988,10.);
#587=VECTOR('',#1991,10.);
#588=VECTOR('',#1992,10.);
#589=VECTOR('',#1993,10.);
#590=VECTOR('',#1996,10.);
#591=VECTOR('',#1997,10.);
#592=VECTOR('',#1998,10.);
#593=VECTOR('',#2001,10.);
#594=VECTOR('',#2002,10.);
#595=VECTOR('',#2003,10.);
#596=VECTOR('',#2004,10.);
#597=VECTOR('',#2007,10.);
#598=VECTOR('',#2008,10.);
#599=VECTOR('',#2009,10.);
#600=VECTOR('',#2012,10.);
#601=VECTOR('',#2013,10.);
#602=VECTOR('',#2014,10.);
#603=VECTOR('',#2017,10.);
#604=VECTOR('',#2018,10.);
#605=VECTOR('',#2021,10.);
#606=VECTOR('',#2024,10.);
#607=VECTOR('',#2029,10.);
#608=VECTOR('',#2030,10.);
#609=VECTOR('',#2031,10.);
#610=VECTOR('',#2032,10.);
#611=VECTOR('',#2035,10.);
#612=VECTOR('',#2036,10.);
#613=VECTOR('',#2037,10.);
#614=VECTOR('',#2040,10.);
#615=VECTOR('',#2041,10.);
#616=VECTOR('',#2042,10.);
#617=VECTOR('',#2045,10.);
#618=VECTOR('',#2046,10.);
#619=VECTOR('',#2047,10.);
#620=VECTOR('',#2048,10.);
#621=VECTOR('',#2051,10.);
#622=VECTOR('',#2052,10.);
#623=VECTOR('',#2053,10.);
#624=VECTOR('',#2056,10.);
#625=VECTOR('',#2057,10.);
#626=VECTOR('',#2058,10.);
#627=VECTOR('',#2061,10.);
#628=VECTOR('',#2062,10.);
#629=VECTOR('',#2065,10.);
#630=VECTOR('',#2068,10.);
#631=CIRCLE('',#1532,0.75);
#632=CIRCLE('',#1533,0.75);
#633=CIRCLE('',#1536,0.415764635679482);
#634=CIRCLE('',#1537,0.415764635679482);
#635=CIRCLE('',#1539,0.415764635679482);
#636=CIRCLE('',#1540,0.415764635679482);
#637=CIRCLE('',#1542,0.415764635679482);
#638=CIRCLE('',#1543,0.415764635679482);
#639=CIRCLE('',#1545,0.415764635679482);
#640=CIRCLE('',#1546,0.415764635679482);
#641=CIRCLE('',#1549,0.274925152799423);
#642=CIRCLE('',#1550,0.274925152799423);
#643=CIRCLE('',#1553,0.274925152799422);
#644=CIRCLE('',#1554,0.274925152799422);
#645=CIRCLE('',#1557,0.274925152799423);
#646=CIRCLE('',#1558,0.274925152799423);
#647=CIRCLE('',#1561,0.274925152799423);
#648=CIRCLE('',#1562,0.274925152799423);
#649=CIRCLE('',#1565,1.);
#650=CIRCLE('',#1566,1.);
#651=CIRCLE('',#1567,1.);
#652=CIRCLE('',#1568,1.);
#653=CIRCLE('',#1574,1.);
#654=CIRCLE('',#1577,1.);
#655=CIRCLE('',#1580,1.);
#656=CIRCLE('',#1583,1.);
#657=CIRCLE('',#1587,0.75);
#658=CIRCLE('',#1588,0.75);
#659=CIRCLE('',#1590,0.5);
#660=CIRCLE('',#1591,0.5);
#661=CIRCLE('',#1593,0.5);
#662=CIRCLE('',#1594,0.5);
#663=CIRCLE('',#1595,0.5);
#664=CIRCLE('',#1598,0.5);
#665=CIRCLE('',#1600,0.5);
#666=CIRCLE('',#1603,0.5);
#667=CIRCLE('',#1612,3.25);
#668=CIRCLE('',#1613,3.25);
#669=VERTEX_POINT('',#2073);
#670=VERTEX_POINT('',#2075);
#671=VERTEX_POINT('',#2080);
#672=VERTEX_POINT('',#2082);
#673=VERTEX_POINT('',#2086);
#674=VERTEX_POINT('',#2088);
#675=VERTEX_POINT('',#2092);
#676=VERTEX_POINT('',#2094);
#677=VERTEX_POINT('',#2098);
#678=VERTEX_POINT('',#2100);
#679=VERTEX_POINT('',#2104);
#680=VERTEX_POINT('',#2105);
#681=VERTEX_POINT('',#2107);
#682=VERTEX_POINT('',#2109);
#683=VERTEX_POINT('',#2113);
#684=VERTEX_POINT('',#2115);
#685=VERTEX_POINT('',#2119);
#686=VERTEX_POINT('',#2121);
#687=VERTEX_POINT('',#2125);
#688=VERTEX_POINT('',#2127);
#689=VERTEX_POINT('',#2131);
#690=VERTEX_POINT('',#2133);
#691=VERTEX_POINT('',#2137);
#692=VERTEX_POINT('',#2139);
#693=VERTEX_POINT('',#2143);
#694=VERTEX_POINT('',#2145);
#695=VERTEX_POINT('',#2153);
#696=VERTEX_POINT('',#2154);
#697=VERTEX_POINT('',#2156);
#698=VERTEX_POINT('',#2158);
#699=VERTEX_POINT('',#2160);
#700=VERTEX_POINT('',#2162);
#701=VERTEX_POINT('',#2164);
#702=VERTEX_POINT('',#2166);
#703=VERTEX_POINT('',#2173);
#704=VERTEX_POINT('',#2174);
#705=VERTEX_POINT('',#2179);
#706=VERTEX_POINT('',#2183);
#707=VERTEX_POINT('',#2187);
#708=VERTEX_POINT('',#2191);
#709=VERTEX_POINT('',#2195);
#710=VERTEX_POINT('',#2199);
#711=VERTEX_POINT('',#2207);
#712=VERTEX_POINT('',#2209);
#713=VERTEX_POINT('',#2213);
#714=VERTEX_POINT('',#2214);
#715=VERTEX_POINT('',#2216);
#716=VERTEX_POINT('',#2218);
#717=VERTEX_POINT('',#2222);
#718=VERTEX_POINT('',#2224);
#719=VERTEX_POINT('',#2226);
#720=VERTEX_POINT('',#2228);
#721=VERTEX_POINT('',#2230);
#722=VERTEX_POINT('',#2232);
#723=VERTEX_POINT('',#2235);
#724=VERTEX_POINT('',#2236);
#725=VERTEX_POINT('',#2238);
#726=VERTEX_POINT('',#2240);
#727=VERTEX_POINT('',#2244);
#728=VERTEX_POINT('',#2248);
#729=VERTEX_POINT('',#2252);
#730=VERTEX_POINT('',#2253);
#731=VERTEX_POINT('',#2258);
#732=VERTEX_POINT('',#2262);
#733=VERTEX_POINT('',#2271);
#734=VERTEX_POINT('',#2272);
#735=VERTEX_POINT('',#2277);
#736=VERTEX_POINT('',#2281);
#737=VERTEX_POINT('',#2287);
#738=VERTEX_POINT('',#2289);
#739=VERTEX_POINT('',#2295);
#740=VERTEX_POINT('',#2296);
#741=VERTEX_POINT('',#2298);
#742=VERTEX_POINT('',#2300);
#743=VERTEX_POINT('',#2304);
#744=VERTEX_POINT('',#2306);
#745=VERTEX_POINT('',#2310);
#746=VERTEX_POINT('',#2312);
#747=VERTEX_POINT('',#2316);
#748=VERTEX_POINT('',#2317);
#749=VERTEX_POINT('',#2319);
#750=VERTEX_POINT('',#2321);
#751=VERTEX_POINT('',#2325);
#752=VERTEX_POINT('',#2327);
#753=VERTEX_POINT('',#2331);
#754=VERTEX_POINT('',#2333);
#755=VERTEX_POINT('',#2345);
#756=VERTEX_POINT('',#2346);
#757=VERTEX_POINT('',#2348);
#758=VERTEX_POINT('',#2350);
#759=VERTEX_POINT('',#2354);
#760=VERTEX_POINT('',#2356);
#761=VERTEX_POINT('',#2360);
#762=VERTEX_POINT('',#2362);
#763=VERTEX_POINT('',#2366);
#764=VERTEX_POINT('',#2367);
#765=VERTEX_POINT('',#2369);
#766=VERTEX_POINT('',#2371);
#767=VERTEX_POINT('',#2375);
#768=VERTEX_POINT('',#2377);
#769=VERTEX_POINT('',#2381);
#770=VERTEX_POINT('',#2383);
#771=VERTEX_POINT('',#2395);
#772=VERTEX_POINT('',#2396);
#773=VERTEX_POINT('',#2398);
#774=VERTEX_POINT('',#2400);
#775=VERTEX_POINT('',#2404);
#776=VERTEX_POINT('',#2406);
#777=VERTEX_POINT('',#2410);
#778=VERTEX_POINT('',#2412);
#779=VERTEX_POINT('',#2416);
#780=VERTEX_POINT('',#2417);
#781=VERTEX_POINT('',#2419);
#782=VERTEX_POINT('',#2421);
#783=VERTEX_POINT('',#2425);
#784=VERTEX_POINT('',#2427);
#785=VERTEX_POINT('',#2431);
#786=VERTEX_POINT('',#2433);
#787=VERTEX_POINT('',#2445);
#788=VERTEX_POINT('',#2446);
#789=VERTEX_POINT('',#2448);
#790=VERTEX_POINT('',#2450);
#791=VERTEX_POINT('',#2454);
#792=VERTEX_POINT('',#2456);
#793=VERTEX_POINT('',#2460);
#794=VERTEX_POINT('',#2462);
#795=VERTEX_POINT('',#2466);
#796=VERTEX_POINT('',#2467);
#797=VERTEX_POINT('',#2469);
#798=VERTEX_POINT('',#2471);
#799=VERTEX_POINT('',#2475);
#800=VERTEX_POINT('',#2477);
#801=VERTEX_POINT('',#2481);
#802=VERTEX_POINT('',#2483);
#803=EDGE_CURVE('',#669,#669,#631,.T.);
#804=EDGE_CURVE('',#669,#670,#305,.T.);
#805=EDGE_CURVE('',#670,#670,#632,.T.);
#806=EDGE_CURVE('',#671,#671,#633,.T.);
#807=EDGE_CURVE('',#671,#672,#306,.T.);
#808=EDGE_CURVE('',#672,#672,#634,.T.);
#809=EDGE_CURVE('',#673,#673,#635,.T.);
#810=EDGE_CURVE('',#673,#674,#307,.T.);
#811=EDGE_CURVE('',#674,#674,#636,.T.);
#812=EDGE_CURVE('',#675,#675,#637,.T.);
#813=EDGE_CURVE('',#675,#676,#308,.T.);
#814=EDGE_CURVE('',#676,#676,#638,.T.);
#815=EDGE_CURVE('',#677,#677,#639,.T.);
#816=EDGE_CURVE('',#677,#678,#309,.T.);
#817=EDGE_CURVE('',#678,#678,#640,.T.);
#818=EDGE_CURVE('',#679,#680,#310,.T.);
#819=EDGE_CURVE('',#679,#681,#311,.T.);
#820=EDGE_CURVE('',#681,#682,#312,.T.);
#821=EDGE_CURVE('',#680,#682,#313,.T.);
#822=EDGE_CURVE('',#683,#679,#641,.T.);
#823=EDGE_CURVE('',#683,#684,#314,.T.);
#824=EDGE_CURVE('',#684,#681,#642,.T.);
#825=EDGE_CURVE('',#685,#683,#315,.T.);
#826=EDGE_CURVE('',#685,#686,#316,.T.);
#827=EDGE_CURVE('',#686,#684,#317,.T.);
#828=EDGE_CURVE('',#687,#685,#643,.T.);
#829=EDGE_CURVE('',#687,#688,#318,.T.);
#830=EDGE_CURVE('',#688,#686,#644,.T.);
#831=EDGE_CURVE('',#689,#687,#319,.T.);
#832=EDGE_CURVE('',#689,#690,#320,.T.);
#833=EDGE_CURVE('',#690,#688,#321,.T.);
#834=EDGE_CURVE('',#691,#689,#645,.T.);
#835=EDGE_CURVE('',#691,#692,#322,.T.);
#836=EDGE_CURVE('',#692,#690,#646,.T.);
#837=EDGE_CURVE('',#693,#691,#323,.T.);
#838=EDGE_CURVE('',#693,#694,#324,.T.);
#839=EDGE_CURVE('',#694,#692,#325,.T.);
#840=EDGE_CURVE('',#680,#693,#647,.T.);
#841=EDGE_CURVE('',#682,#694,#648,.T.);
#842=EDGE_CURVE('',#695,#696,#649,.T.);
#843=EDGE_CURVE('',#696,#697,#326,.T.);
#844=EDGE_CURVE('',#697,#698,#650,.T.);
#845=EDGE_CURVE('',#698,#699,#327,.T.);
#846=EDGE_CURVE('',#699,#700,#651,.T.);
#847=EDGE_CURVE('',#700,#701,#328,.T.);
#848=EDGE_CURVE('',#701,#702,#652,.T.);
#849=EDGE_CURVE('',#702,#695,#329,.T.);
#850=EDGE_CURVE('',#703,#704,#330,.T.);
#851=EDGE_CURVE('',#704,#695,#331,.T.);
#852=EDGE_CURVE('',#703,#702,#332,.T.);
#853=EDGE_CURVE('',#705,#703,#653,.T.);
#854=EDGE_CURVE('',#705,#701,#333,.T.);
#855=EDGE_CURVE('',#706,#705,#334,.T.);
#856=EDGE_CURVE('',#706,#700,#335,.T.);
#857=EDGE_CURVE('',#707,#706,#654,.T.);
#858=EDGE_CURVE('',#707,#699,#336,.T.);
#859=EDGE_CURVE('',#708,#707,#337,.T.);
#860=EDGE_CURVE('',#708,#698,#338,.T.);
#861=EDGE_CURVE('',#709,#708,#655,.T.);
#862=EDGE_CURVE('',#709,#697,#339,.T.);
#863=EDGE_CURVE('',#710,#709,#340,.T.);
#864=EDGE_CURVE('',#710,#696,#341,.T.);
#865=EDGE_CURVE('',#704,#710,#656,.T.);
#866=EDGE_CURVE('',#711,#711,#657,.T.);
#867=EDGE_CURVE('',#711,#712,#342,.T.);
#868=EDGE_CURVE('',#712,#712,#658,.T.);
#869=EDGE_CURVE('',#713,#714,#659,.T.);
#870=EDGE_CURVE('',#714,#715,#343,.T.);
#871=EDGE_CURVE('',#715,#716,#660,.T.);
#872=EDGE_CURVE('',#716,#713,#344,.T.);
#873=EDGE_CURVE('',#717,#715,#345,.T.);
#874=EDGE_CURVE('',#718,#717,#661,.T.);
#875=EDGE_CURVE('',#719,#718,#346,.T.);
#876=EDGE_CURVE('',#720,#719,#662,.T.);
#877=EDGE_CURVE('',#721,#720,#347,.T.);
#878=EDGE_CURVE('',#722,#721,#663,.T.);
#879=EDGE_CURVE('',#716,#722,#348,.T.);
#880=EDGE_CURVE('',#723,#724,#349,.T.);
#881=EDGE_CURVE('',#724,#725,#350,.T.);
#882=EDGE_CURVE('',#725,#726,#351,.T.);
#883=EDGE_CURVE('',#726,#723,#352,.T.);
#884=EDGE_CURVE('',#727,#714,#353,.T.);
#885=EDGE_CURVE('',#717,#727,#354,.T.);
#886=EDGE_CURVE('',#727,#728,#664,.T.);
#887=EDGE_CURVE('',#728,#718,#355,.T.);
#888=EDGE_CURVE('',#729,#730,#665,.T.);
#889=EDGE_CURVE('',#730,#720,#356,.T.);
#890=EDGE_CURVE('',#719,#729,#357,.T.);
#891=EDGE_CURVE('',#731,#730,#358,.T.);
#892=EDGE_CURVE('',#721,#731,#359,.T.);
#893=EDGE_CURVE('',#731,#732,#666,.T.);
#894=EDGE_CURVE('',#732,#722,#360,.T.);
#895=EDGE_CURVE('',#713,#732,#361,.T.);
#896=EDGE_CURVE('',#729,#728,#362,.T.);
#897=EDGE_CURVE('',#733,#734,#363,.T.);
#898=EDGE_CURVE('',#733,#724,#364,.T.);
#899=EDGE_CURVE('',#734,#723,#365,.T.);
#900=EDGE_CURVE('',#734,#735,#366,.T.);
#901=EDGE_CURVE('',#735,#726,#367,.T.);
#902=EDGE_CURVE('',#735,#736,#368,.T.);
#903=EDGE_CURVE('',#736,#725,#369,.T.);
#904=EDGE_CURVE('',#736,#733,#370,.T.);
#905=EDGE_CURVE('',#737,#737,#667,.T.);
#906=EDGE_CURVE('',#737,#738,#371,.T.);
#907=EDGE_CURVE('',#738,#738,#668,.T.);
#908=EDGE_CURVE('',#739,#740,#372,.T.);
#909=EDGE_CURVE('',#740,#741,#373,.T.);
#910=EDGE_CURVE('',#742,#741,#374,.T.);
#911=EDGE_CURVE('',#739,#742,#375,.T.);
#912=EDGE_CURVE('',#743,#739,#376,.T.);
#913=EDGE_CURVE('',#744,#742,#377,.T.);
#914=EDGE_CURVE('',#743,#744,#378,.T.);
#915=EDGE_CURVE('',#745,#743,#379,.T.);
#916=EDGE_CURVE('',#746,#744,#380,.T.);
#917=EDGE_CURVE('',#745,#746,#381,.T.);
#918=EDGE_CURVE('',#747,#748,#382,.T.);
#919=EDGE_CURVE('',#747,#749,#383,.F.);
#920=EDGE_CURVE('',#749,#750,#384,.T.);
#921=EDGE_CURVE('',#748,#750,#385,.T.);
#922=EDGE_CURVE('',#751,#747,#386,.T.);
#923=EDGE_CURVE('',#751,#752,#387,.F.);
#924=EDGE_CURVE('',#752,#749,#388,.T.);
#925=EDGE_CURVE('',#753,#751,#389,.T.);
#926=EDGE_CURVE('',#753,#754,#390,.T.);
#927=EDGE_CURVE('',#754,#752,#391,.T.);
#928=EDGE_CURVE('',#748,#740,#392,.T.);
#929=EDGE_CURVE('',#753,#745,#393,.T.);
#930=EDGE_CURVE('',#750,#741,#394,.T.);
#931=EDGE_CURVE('',#754,#746,#395,.T.);
#932=EDGE_CURVE('',#755,#756,#396,.T.);
#933=EDGE_CURVE('',#756,#757,#397,.T.);
#934=EDGE_CURVE('',#758,#757,#398,.T.);
#935=EDGE_CURVE('',#755,#758,#399,.T.);
#936=EDGE_CURVE('',#759,#755,#400,.T.);
#937=EDGE_CURVE('',#760,#758,#401,.T.);
#938=EDGE_CURVE('',#759,#760,#402,.T.);
#939=EDGE_CURVE('',#761,#759,#403,.T.);
#940=EDGE_CURVE('',#762,#760,#404,.T.);
#941=EDGE_CURVE('',#761,#762,#405,.T.);
#942=EDGE_CURVE('',#763,#764,#406,.T.);
#943=EDGE_CURVE('',#763,#765,#407,.F.);
#944=EDGE_CURVE('',#765,#766,#408,.T.);
#945=EDGE_CURVE('',#764,#766,#409,.T.);
#946=EDGE_CURVE('',#767,#763,#410,.T.);
#947=EDGE_CURVE('',#767,#768,#411,.F.);
#948=EDGE_CURVE('',#768,#765,#412,.T.);
#949=EDGE_CURVE('',#769,#767,#413,.T.);
#950=EDGE_CURVE('',#769,#770,#414,.T.);
#951=EDGE_CURVE('',#770,#768,#415,.T.);
#952=EDGE_CURVE('',#764,#756,#416,.T.);
#953=EDGE_CURVE('',#769,#761,#417,.T.);
#954=EDGE_CURVE('',#766,#757,#418,.T.);
#955=EDGE_CURVE('',#770,#762,#419,.T.);
#956=EDGE_CURVE('',#771,#772,#420,.T.);
#957=EDGE_CURVE('',#771,#773,#421,.T.);
#958=EDGE_CURVE('',#773,#774,#422,.T.);
#959=EDGE_CURVE('',#772,#774,#423,.T.);
#960=EDGE_CURVE('',#775,#771,#424,.T.);
#961=EDGE_CURVE('',#775,#776,#425,.T.);
#962=EDGE_CURVE('',#776,#773,#426,.T.);
#963=EDGE_CURVE('',#777,#775,#427,.T.);
#964=EDGE_CURVE('',#777,#778,#428,.T.);
#965=EDGE_CURVE('',#778,#776,#429,.T.);
#966=EDGE_CURVE('',#779,#780,#430,.T.);
#967=EDGE_CURVE('',#780,#781,#431,.T.);
#968=EDGE_CURVE('',#782,#781,#432,.T.);
#969=EDGE_CURVE('',#779,#782,#433,.F.);
#970=EDGE_CURVE('',#783,#779,#434,.T.);
#971=EDGE_CURVE('',#784,#782,#435,.T.);
#972=EDGE_CURVE('',#783,#784,#436,.F.);
#973=EDGE_CURVE('',#785,#783,#437,.T.);
#974=EDGE_CURVE('',#786,#784,#438,.T.);
#975=EDGE_CURVE('',#785,#786,#439,.T.);
#976=EDGE_CURVE('',#785,#777,#440,.T.);
#977=EDGE_CURVE('',#780,#772,#441,.T.);
#978=EDGE_CURVE('',#781,#774,#442,.T.);
#979=EDGE_CURVE('',#786,#778,#443,.T.);
#980=EDGE_CURVE('',#787,#788,#444,.T.);
#981=EDGE_CURVE('',#787,#789,#445,.T.);
#982=EDGE_CURVE('',#789,#790,#446,.T.);
#983=EDGE_CURVE('',#788,#790,#447,.T.);
#984=EDGE_CURVE('',#791,#787,#448,.T.);
#985=EDGE_CURVE('',#791,#792,#449,.T.);
#986=EDGE_CURVE('',#792,#789,#450,.T.);
#987=EDGE_CURVE('',#793,#791,#451,.T.);
#988=EDGE_CURVE('',#793,#794,#452,.T.);
#989=EDGE_CURVE('',#794,#792,#453,.T.);
#990=EDGE_CURVE('',#795,#796,#454,.T.);
#991=EDGE_CURVE('',#796,#797,#455,.T.);
#992=EDGE_CURVE('',#798,#797,#456,.T.);
#993=EDGE_CURVE('',#795,#798,#457,.F.);
#994=EDGE_CURVE('',#799,#795,#458,.T.);
#995=EDGE_CURVE('',#800,#798,#459,.T.);
#996=EDGE_CURVE('',#799,#800,#460,.F.);
#997=EDGE_CURVE('',#801,#799,#461,.T.);
#998=EDGE_CURVE('',#802,#800,#462,.T.);
#999=EDGE_CURVE('',#801,#802,#463,.T.);
#1000=EDGE_CURVE('',#801,#793,#464,.T.);
#1001=EDGE_CURVE('',#796,#788,#465,.T.);
#1002=EDGE_CURVE('',#797,#790,#466,.T.);
#1003=EDGE_CURVE('',#802,#794,#467,.T.);
#1004=ORIENTED_EDGE('',*,*,#803,.F.);
#1005=ORIENTED_EDGE('',*,*,#804,.T.);
#1006=ORIENTED_EDGE('',*,*,#805,.T.);
#1007=ORIENTED_EDGE('',*,*,#804,.F.);
#1008=ORIENTED_EDGE('',*,*,#805,.F.);
#1009=ORIENTED_EDGE('',*,*,#806,.F.);
#1010=ORIENTED_EDGE('',*,*,#807,.T.);
#1011=ORIENTED_EDGE('',*,*,#808,.T.);
#1012=ORIENTED_EDGE('',*,*,#807,.F.);
#1013=ORIENTED_EDGE('',*,*,#809,.F.);
#1014=ORIENTED_EDGE('',*,*,#810,.T.);
#1015=ORIENTED_EDGE('',*,*,#811,.T.);
#1016=ORIENTED_EDGE('',*,*,#810,.F.);
#1017=ORIENTED_EDGE('',*,*,#812,.F.);
#1018=ORIENTED_EDGE('',*,*,#813,.T.);
#1019=ORIENTED_EDGE('',*,*,#814,.T.);
#1020=ORIENTED_EDGE('',*,*,#813,.F.);
#1021=ORIENTED_EDGE('',*,*,#815,.F.);
#1022=ORIENTED_EDGE('',*,*,#816,.T.);
#1023=ORIENTED_EDGE('',*,*,#817,.T.);
#1024=ORIENTED_EDGE('',*,*,#816,.F.);
#1025=ORIENTED_EDGE('',*,*,#818,.F.);
#1026=ORIENTED_EDGE('',*,*,#819,.T.);
#1027=ORIENTED_EDGE('',*,*,#820,.T.);
#1028=ORIENTED_EDGE('',*,*,#821,.F.);
#1029=ORIENTED_EDGE('',*,*,#822,.F.);
#1030=ORIENTED_EDGE('',*,*,#823,.T.);
#1031=ORIENTED_EDGE('',*,*,#824,.T.);
#1032=ORIENTED_EDGE('',*,*,#819,.F.);
#1033=ORIENTED_EDGE('',*,*,#825,.F.);
#1034=ORIENTED_EDGE('',*,*,#826,.T.);
#1035=ORIENTED_EDGE('',*,*,#827,.T.);
#1036=ORIENTED_EDGE('',*,*,#823,.F.);
#1037=ORIENTED_EDGE('',*,*,#828,.F.);
#1038=ORIENTED_EDGE('',*,*,#829,.T.);
#1039=ORIENTED_EDGE('',*,*,#830,.T.);
#1040=ORIENTED_EDGE('',*,*,#826,.F.);
#1041=ORIENTED_EDGE('',*,*,#831,.F.);
#1042=ORIENTED_EDGE('',*,*,#832,.T.);
#1043=ORIENTED_EDGE('',*,*,#833,.T.);
#1044=ORIENTED_EDGE('',*,*,#829,.F.);
#1045=ORIENTED_EDGE('',*,*,#834,.F.);
#1046=ORIENTED_EDGE('',*,*,#835,.T.);
#1047=ORIENTED_EDGE('',*,*,#836,.T.);
#1048=ORIENTED_EDGE('',*,*,#832,.F.);
#1049=ORIENTED_EDGE('',*,*,#837,.F.);
#1050=ORIENTED_EDGE('',*,*,#838,.T.);
#1051=ORIENTED_EDGE('',*,*,#839,.T.);
#1052=ORIENTED_EDGE('',*,*,#835,.F.);
#1053=ORIENTED_EDGE('',*,*,#840,.F.);
#1054=ORIENTED_EDGE('',*,*,#821,.T.);
#1055=ORIENTED_EDGE('',*,*,#841,.T.);
#1056=ORIENTED_EDGE('',*,*,#838,.F.);
#1057=ORIENTED_EDGE('',*,*,#841,.F.);
#1058=ORIENTED_EDGE('',*,*,#820,.F.);
#1059=ORIENTED_EDGE('',*,*,#824,.F.);
#1060=ORIENTED_EDGE('',*,*,#827,.F.);
#1061=ORIENTED_EDGE('',*,*,#830,.F.);
#1062=ORIENTED_EDGE('',*,*,#833,.F.);
#1063=ORIENTED_EDGE('',*,*,#836,.F.);
#1064=ORIENTED_EDGE('',*,*,#839,.F.);
#1065=ORIENTED_EDGE('',*,*,#803,.T.);
#1066=ORIENTED_EDGE('',*,*,#817,.F.);
#1067=ORIENTED_EDGE('',*,*,#814,.F.);
#1068=ORIENTED_EDGE('',*,*,#811,.F.);
#1069=ORIENTED_EDGE('',*,*,#808,.F.);
#1070=ORIENTED_EDGE('',*,*,#842,.T.);
#1071=ORIENTED_EDGE('',*,*,#843,.T.);
#1072=ORIENTED_EDGE('',*,*,#844,.T.);
#1073=ORIENTED_EDGE('',*,*,#845,.T.);
#1074=ORIENTED_EDGE('',*,*,#846,.T.);
#1075=ORIENTED_EDGE('',*,*,#847,.T.);
#1076=ORIENTED_EDGE('',*,*,#848,.T.);
#1077=ORIENTED_EDGE('',*,*,#849,.T.);
#1078=ORIENTED_EDGE('',*,*,#818,.T.);
#1079=ORIENTED_EDGE('',*,*,#840,.T.);
#1080=ORIENTED_EDGE('',*,*,#837,.T.);
#1081=ORIENTED_EDGE('',*,*,#834,.T.);
#1082=ORIENTED_EDGE('',*,*,#831,.T.);
#1083=ORIENTED_EDGE('',*,*,#828,.T.);
#1084=ORIENTED_EDGE('',*,*,#825,.T.);
#1085=ORIENTED_EDGE('',*,*,#822,.T.);
#1086=ORIENTED_EDGE('',*,*,#815,.T.);
#1087=ORIENTED_EDGE('',*,*,#812,.T.);
#1088=ORIENTED_EDGE('',*,*,#809,.T.);
#1089=ORIENTED_EDGE('',*,*,#850,.T.);
#1090=ORIENTED_EDGE('',*,*,#851,.T.);
#1091=ORIENTED_EDGE('',*,*,#849,.F.);
#1092=ORIENTED_EDGE('',*,*,#852,.F.);
#1093=ORIENTED_EDGE('',*,*,#853,.T.);
#1094=ORIENTED_EDGE('',*,*,#852,.T.);
#1095=ORIENTED_EDGE('',*,*,#848,.F.);
#1096=ORIENTED_EDGE('',*,*,#854,.F.);
#1097=ORIENTED_EDGE('',*,*,#855,.T.);
#1098=ORIENTED_EDGE('',*,*,#854,.T.);
#1099=ORIENTED_EDGE('',*,*,#847,.F.);
#1100=ORIENTED_EDGE('',*,*,#856,.F.);
#1101=ORIENTED_EDGE('',*,*,#857,.T.);
#1102=ORIENTED_EDGE('',*,*,#856,.T.);
#1103=ORIENTED_EDGE('',*,*,#846,.F.);
#1104=ORIENTED_EDGE('',*,*,#858,.F.);
#1105=ORIENTED_EDGE('',*,*,#859,.T.);
#1106=ORIENTED_EDGE('',*,*,#858,.T.);
#1107=ORIENTED_EDGE('',*,*,#845,.F.);
#1108=ORIENTED_EDGE('',*,*,#860,.F.);
#1109=ORIENTED_EDGE('',*,*,#861,.T.);
#1110=ORIENTED_EDGE('',*,*,#860,.T.);
#1111=ORIENTED_EDGE('',*,*,#844,.F.);
#1112=ORIENTED_EDGE('',*,*,#862,.F.);
#1113=ORIENTED_EDGE('',*,*,#863,.T.);
#1114=ORIENTED_EDGE('',*,*,#862,.T.);
#1115=ORIENTED_EDGE('',*,*,#843,.F.);
#1116=ORIENTED_EDGE('',*,*,#864,.F.);
#1117=ORIENTED_EDGE('',*,*,#865,.T.);
#1118=ORIENTED_EDGE('',*,*,#864,.T.);
#1119=ORIENTED_EDGE('',*,*,#842,.F.);
#1120=ORIENTED_EDGE('',*,*,#851,.F.);
#1121=ORIENTED_EDGE('',*,*,#806,.T.);
#1122=ORIENTED_EDGE('',*,*,#865,.F.);
#1123=ORIENTED_EDGE('',*,*,#850,.F.);
#1124=ORIENTED_EDGE('',*,*,#853,.F.);
#1125=ORIENTED_EDGE('',*,*,#855,.F.);
#1126=ORIENTED_EDGE('',*,*,#857,.F.);
#1127=ORIENTED_EDGE('',*,*,#859,.F.);
#1128=ORIENTED_EDGE('',*,*,#861,.F.);
#1129=ORIENTED_EDGE('',*,*,#863,.F.);
#1130=ORIENTED_EDGE('',*,*,#866,.F.);
#1131=ORIENTED_EDGE('',*,*,#867,.T.);
#1132=ORIENTED_EDGE('',*,*,#868,.F.);
#1133=ORIENTED_EDGE('',*,*,#867,.F.);
#1134=ORIENTED_EDGE('',*,*,#869,.T.);
#1135=ORIENTED_EDGE('',*,*,#870,.T.);
#1136=ORIENTED_EDGE('',*,*,#871,.T.);
#1137=ORIENTED_EDGE('',*,*,#872,.T.);
#1138=ORIENTED_EDGE('',*,*,#871,.F.);
#1139=ORIENTED_EDGE('',*,*,#873,.F.);
#1140=ORIENTED_EDGE('',*,*,#874,.F.);
#1141=ORIENTED_EDGE('',*,*,#875,.F.);
#1142=ORIENTED_EDGE('',*,*,#876,.F.);
#1143=ORIENTED_EDGE('',*,*,#877,.F.);
#1144=ORIENTED_EDGE('',*,*,#878,.F.);
#1145=ORIENTED_EDGE('',*,*,#879,.F.);
#1146=ORIENTED_EDGE('',*,*,#880,.T.);
#1147=ORIENTED_EDGE('',*,*,#881,.T.);
#1148=ORIENTED_EDGE('',*,*,#882,.T.);
#1149=ORIENTED_EDGE('',*,*,#883,.T.);
#1150=ORIENTED_EDGE('',*,*,#870,.F.);
#1151=ORIENTED_EDGE('',*,*,#884,.F.);
#1152=ORIENTED_EDGE('',*,*,#885,.F.);
#1153=ORIENTED_EDGE('',*,*,#873,.T.);
#1154=ORIENTED_EDGE('',*,*,#886,.T.);
#1155=ORIENTED_EDGE('',*,*,#887,.T.);
#1156=ORIENTED_EDGE('',*,*,#874,.T.);
#1157=ORIENTED_EDGE('',*,*,#885,.T.);
#1158=ORIENTED_EDGE('',*,*,#888,.T.);
#1159=ORIENTED_EDGE('',*,*,#889,.T.);
#1160=ORIENTED_EDGE('',*,*,#876,.T.);
#1161=ORIENTED_EDGE('',*,*,#890,.T.);
#1162=ORIENTED_EDGE('',*,*,#889,.F.);
#1163=ORIENTED_EDGE('',*,*,#891,.F.);
#1164=ORIENTED_EDGE('',*,*,#892,.F.);
#1165=ORIENTED_EDGE('',*,*,#877,.T.);
#1166=ORIENTED_EDGE('',*,*,#893,.T.);
#1167=ORIENTED_EDGE('',*,*,#894,.T.);
#1168=ORIENTED_EDGE('',*,*,#878,.T.);
#1169=ORIENTED_EDGE('',*,*,#892,.T.);
#1170=ORIENTED_EDGE('',*,*,#872,.F.);
#1171=ORIENTED_EDGE('',*,*,#879,.T.);
#1172=ORIENTED_EDGE('',*,*,#894,.F.);
#1173=ORIENTED_EDGE('',*,*,#895,.F.);
#1174=ORIENTED_EDGE('',*,*,#887,.F.);
#1175=ORIENTED_EDGE('',*,*,#896,.F.);
#1176=ORIENTED_EDGE('',*,*,#890,.F.);
#1177=ORIENTED_EDGE('',*,*,#875,.T.);
#1178=ORIENTED_EDGE('',*,*,#869,.F.);
#1179=ORIENTED_EDGE('',*,*,#895,.T.);
#1180=ORIENTED_EDGE('',*,*,#893,.F.);
#1181=ORIENTED_EDGE('',*,*,#891,.T.);
#1182=ORIENTED_EDGE('',*,*,#888,.F.);
#1183=ORIENTED_EDGE('',*,*,#896,.T.);
#1184=ORIENTED_EDGE('',*,*,#886,.F.);
#1185=ORIENTED_EDGE('',*,*,#884,.T.);
#1186=ORIENTED_EDGE('',*,*,#866,.T.);
#1187=ORIENTED_EDGE('',*,*,#897,.F.);
#1188=ORIENTED_EDGE('',*,*,#898,.T.);
#1189=ORIENTED_EDGE('',*,*,#880,.F.);
#1190=ORIENTED_EDGE('',*,*,#899,.F.);
#1191=ORIENTED_EDGE('',*,*,#900,.F.);
#1192=ORIENTED_EDGE('',*,*,#899,.T.);
#1193=ORIENTED_EDGE('',*,*,#883,.F.);
#1194=ORIENTED_EDGE('',*,*,#901,.F.);
#1195=ORIENTED_EDGE('',*,*,#902,.F.);
#1196=ORIENTED_EDGE('',*,*,#901,.T.);
#1197=ORIENTED_EDGE('',*,*,#882,.F.);
#1198=ORIENTED_EDGE('',*,*,#903,.F.);
#1199=ORIENTED_EDGE('',*,*,#904,.F.);
#1200=ORIENTED_EDGE('',*,*,#903,.T.);
#1201=ORIENTED_EDGE('',*,*,#881,.F.);
#1202=ORIENTED_EDGE('',*,*,#898,.F.);
#1203=ORIENTED_EDGE('',*,*,#905,.F.);
#1204=ORIENTED_EDGE('',*,*,#906,.T.);
#1205=ORIENTED_EDGE('',*,*,#907,.T.);
#1206=ORIENTED_EDGE('',*,*,#906,.F.);
#1207=ORIENTED_EDGE('',*,*,#905,.T.);
#1208=ORIENTED_EDGE('',*,*,#897,.T.);
#1209=ORIENTED_EDGE('',*,*,#900,.T.);
#1210=ORIENTED_EDGE('',*,*,#902,.T.);
#1211=ORIENTED_EDGE('',*,*,#904,.T.);
#1212=ORIENTED_EDGE('',*,*,#907,.F.);
#1213=ORIENTED_EDGE('',*,*,#868,.T.);
#1214=ORIENTED_EDGE('',*,*,#908,.T.);
#1215=ORIENTED_EDGE('',*,*,#909,.T.);
#1216=ORIENTED_EDGE('',*,*,#910,.F.);
#1217=ORIENTED_EDGE('',*,*,#911,.F.);
#1218=ORIENTED_EDGE('',*,*,#912,.T.);
#1219=ORIENTED_EDGE('',*,*,#911,.T.);
#1220=ORIENTED_EDGE('',*,*,#913,.F.);
#1221=ORIENTED_EDGE('',*,*,#914,.F.);
#1222=ORIENTED_EDGE('',*,*,#915,.T.);
#1223=ORIENTED_EDGE('',*,*,#914,.T.);
#1224=ORIENTED_EDGE('',*,*,#916,.F.);
#1225=ORIENTED_EDGE('',*,*,#917,.F.);
#1226=ORIENTED_EDGE('',*,*,#918,.F.);
#1227=ORIENTED_EDGE('',*,*,#919,.T.);
#1228=ORIENTED_EDGE('',*,*,#920,.T.);
#1229=ORIENTED_EDGE('',*,*,#921,.F.);
#1230=ORIENTED_EDGE('',*,*,#922,.F.);
#1231=ORIENTED_EDGE('',*,*,#923,.T.);
#1232=ORIENTED_EDGE('',*,*,#924,.T.);
#1233=ORIENTED_EDGE('',*,*,#919,.F.);
#1234=ORIENTED_EDGE('',*,*,#925,.F.);
#1235=ORIENTED_EDGE('',*,*,#926,.T.);
#1236=ORIENTED_EDGE('',*,*,#927,.T.);
#1237=ORIENTED_EDGE('',*,*,#923,.F.);
#1238=ORIENTED_EDGE('',*,*,#918,.T.);
#1239=ORIENTED_EDGE('',*,*,#928,.T.);
#1240=ORIENTED_EDGE('',*,*,#908,.F.);
#1241=ORIENTED_EDGE('',*,*,#912,.F.);
#1242=ORIENTED_EDGE('',*,*,#915,.F.);
#1243=ORIENTED_EDGE('',*,*,#929,.F.);
#1244=ORIENTED_EDGE('',*,*,#925,.T.);
#1245=ORIENTED_EDGE('',*,*,#922,.T.);
#1246=ORIENTED_EDGE('',*,*,#921,.T.);
#1247=ORIENTED_EDGE('',*,*,#930,.T.);
#1248=ORIENTED_EDGE('',*,*,#909,.F.);
#1249=ORIENTED_EDGE('',*,*,#928,.F.);
#1250=ORIENTED_EDGE('',*,*,#920,.F.);
#1251=ORIENTED_EDGE('',*,*,#924,.F.);
#1252=ORIENTED_EDGE('',*,*,#927,.F.);
#1253=ORIENTED_EDGE('',*,*,#931,.T.);
#1254=ORIENTED_EDGE('',*,*,#916,.T.);
#1255=ORIENTED_EDGE('',*,*,#913,.T.);
#1256=ORIENTED_EDGE('',*,*,#910,.T.);
#1257=ORIENTED_EDGE('',*,*,#930,.F.);
#1258=ORIENTED_EDGE('',*,*,#926,.F.);
#1259=ORIENTED_EDGE('',*,*,#929,.T.);
#1260=ORIENTED_EDGE('',*,*,#917,.T.);
#1261=ORIENTED_EDGE('',*,*,#931,.F.);
#1262=ORIENTED_EDGE('',*,*,#932,.T.);
#1263=ORIENTED_EDGE('',*,*,#933,.T.);
#1264=ORIENTED_EDGE('',*,*,#934,.F.);
#1265=ORIENTED_EDGE('',*,*,#935,.F.);
#1266=ORIENTED_EDGE('',*,*,#936,.T.);
#1267=ORIENTED_EDGE('',*,*,#935,.T.);
#1268=ORIENTED_EDGE('',*,*,#937,.F.);
#1269=ORIENTED_EDGE('',*,*,#938,.F.);
#1270=ORIENTED_EDGE('',*,*,#939,.T.);
#1271=ORIENTED_EDGE('',*,*,#938,.T.);
#1272=ORIENTED_EDGE('',*,*,#940,.F.);
#1273=ORIENTED_EDGE('',*,*,#941,.F.);
#1274=ORIENTED_EDGE('',*,*,#942,.F.);
#1275=ORIENTED_EDGE('',*,*,#943,.T.);
#1276=ORIENTED_EDGE('',*,*,#944,.T.);
#1277=ORIENTED_EDGE('',*,*,#945,.F.);
#1278=ORIENTED_EDGE('',*,*,#946,.F.);
#1279=ORIENTED_EDGE('',*,*,#947,.T.);
#1280=ORIENTED_EDGE('',*,*,#948,.T.);
#1281=ORIENTED_EDGE('',*,*,#943,.F.);
#1282=ORIENTED_EDGE('',*,*,#949,.F.);
#1283=ORIENTED_EDGE('',*,*,#950,.T.);
#1284=ORIENTED_EDGE('',*,*,#951,.T.);
#1285=ORIENTED_EDGE('',*,*,#947,.F.);
#1286=ORIENTED_EDGE('',*,*,#942,.T.);
#1287=ORIENTED_EDGE('',*,*,#952,.T.);
#1288=ORIENTED_EDGE('',*,*,#932,.F.);
#1289=ORIENTED_EDGE('',*,*,#936,.F.);
#1290=ORIENTED_EDGE('',*,*,#939,.F.);
#1291=ORIENTED_EDGE('',*,*,#953,.F.);
#1292=ORIENTED_EDGE('',*,*,#949,.T.);
#1293=ORIENTED_EDGE('',*,*,#946,.T.);
#1294=ORIENTED_EDGE('',*,*,#945,.T.);
#1295=ORIENTED_EDGE('',*,*,#954,.T.);
#1296=ORIENTED_EDGE('',*,*,#933,.F.);
#1297=ORIENTED_EDGE('',*,*,#952,.F.);
#1298=ORIENTED_EDGE('',*,*,#944,.F.);
#1299=ORIENTED_EDGE('',*,*,#948,.F.);
#1300=ORIENTED_EDGE('',*,*,#951,.F.);
#1301=ORIENTED_EDGE('',*,*,#955,.T.);
#1302=ORIENTED_EDGE('',*,*,#940,.T.);
#1303=ORIENTED_EDGE('',*,*,#937,.T.);
#1304=ORIENTED_EDGE('',*,*,#934,.T.);
#1305=ORIENTED_EDGE('',*,*,#954,.F.);
#1306=ORIENTED_EDGE('',*,*,#950,.F.);
#1307=ORIENTED_EDGE('',*,*,#953,.T.);
#1308=ORIENTED_EDGE('',*,*,#941,.T.);
#1309=ORIENTED_EDGE('',*,*,#955,.F.);
#1310=ORIENTED_EDGE('',*,*,#956,.F.);
#1311=ORIENTED_EDGE('',*,*,#957,.T.);
#1312=ORIENTED_EDGE('',*,*,#958,.T.);
#1313=ORIENTED_EDGE('',*,*,#959,.F.);
#1314=ORIENTED_EDGE('',*,*,#960,.F.);
#1315=ORIENTED_EDGE('',*,*,#961,.T.);
#1316=ORIENTED_EDGE('',*,*,#962,.T.);
#1317=ORIENTED_EDGE('',*,*,#957,.F.);
#1318=ORIENTED_EDGE('',*,*,#963,.F.);
#1319=ORIENTED_EDGE('',*,*,#964,.T.);
#1320=ORIENTED_EDGE('',*,*,#965,.T.);
#1321=ORIENTED_EDGE('',*,*,#961,.F.);
#1322=ORIENTED_EDGE('',*,*,#966,.T.);
#1323=ORIENTED_EDGE('',*,*,#967,.T.);
#1324=ORIENTED_EDGE('',*,*,#968,.F.);
#1325=ORIENTED_EDGE('',*,*,#969,.F.);
#1326=ORIENTED_EDGE('',*,*,#970,.T.);
#1327=ORIENTED_EDGE('',*,*,#969,.T.);
#1328=ORIENTED_EDGE('',*,*,#971,.F.);
#1329=ORIENTED_EDGE('',*,*,#972,.F.);
#1330=ORIENTED_EDGE('',*,*,#973,.T.);
#1331=ORIENTED_EDGE('',*,*,#972,.T.);
#1332=ORIENTED_EDGE('',*,*,#974,.F.);
#1333=ORIENTED_EDGE('',*,*,#975,.F.);
#1334=ORIENTED_EDGE('',*,*,#966,.F.);
#1335=ORIENTED_EDGE('',*,*,#970,.F.);
#1336=ORIENTED_EDGE('',*,*,#973,.F.);
#1337=ORIENTED_EDGE('',*,*,#976,.T.);
#1338=ORIENTED_EDGE('',*,*,#963,.T.);
#1339=ORIENTED_EDGE('',*,*,#960,.T.);
#1340=ORIENTED_EDGE('',*,*,#956,.T.);
#1341=ORIENTED_EDGE('',*,*,#977,.F.);
#1342=ORIENTED_EDGE('',*,*,#967,.F.);
#1343=ORIENTED_EDGE('',*,*,#977,.T.);
#1344=ORIENTED_EDGE('',*,*,#959,.T.);
#1345=ORIENTED_EDGE('',*,*,#978,.F.);
#1346=ORIENTED_EDGE('',*,*,#968,.T.);
#1347=ORIENTED_EDGE('',*,*,#978,.T.);
#1348=ORIENTED_EDGE('',*,*,#958,.F.);
#1349=ORIENTED_EDGE('',*,*,#962,.F.);
#1350=ORIENTED_EDGE('',*,*,#965,.F.);
#1351=ORIENTED_EDGE('',*,*,#979,.F.);
#1352=ORIENTED_EDGE('',*,*,#974,.T.);
#1353=ORIENTED_EDGE('',*,*,#971,.T.);
#1354=ORIENTED_EDGE('',*,*,#975,.T.);
#1355=ORIENTED_EDGE('',*,*,#979,.T.);
#1356=ORIENTED_EDGE('',*,*,#964,.F.);
#1357=ORIENTED_EDGE('',*,*,#976,.F.);
#1358=ORIENTED_EDGE('',*,*,#980,.F.);
#1359=ORIENTED_EDGE('',*,*,#981,.T.);
#1360=ORIENTED_EDGE('',*,*,#982,.T.);
#1361=ORIENTED_EDGE('',*,*,#983,.F.);
#1362=ORIENTED_EDGE('',*,*,#984,.F.);
#1363=ORIENTED_EDGE('',*,*,#985,.T.);
#1364=ORIENTED_EDGE('',*,*,#986,.T.);
#1365=ORIENTED_EDGE('',*,*,#981,.F.);
#1366=ORIENTED_EDGE('',*,*,#987,.F.);
#1367=ORIENTED_EDGE('',*,*,#988,.T.);
#1368=ORIENTED_EDGE('',*,*,#989,.T.);
#1369=ORIENTED_EDGE('',*,*,#985,.F.);
#1370=ORIENTED_EDGE('',*,*,#990,.T.);
#1371=ORIENTED_EDGE('',*,*,#991,.T.);
#1372=ORIENTED_EDGE('',*,*,#992,.F.);
#1373=ORIENTED_EDGE('',*,*,#993,.F.);
#1374=ORIENTED_EDGE('',*,*,#994,.T.);
#1375=ORIENTED_EDGE('',*,*,#993,.T.);
#1376=ORIENTED_EDGE('',*,*,#995,.F.);
#1377=ORIENTED_EDGE('',*,*,#996,.F.);
#1378=ORIENTED_EDGE('',*,*,#997,.T.);
#1379=ORIENTED_EDGE('',*,*,#996,.T.);
#1380=ORIENTED_EDGE('',*,*,#998,.F.);
#1381=ORIENTED_EDGE('',*,*,#999,.F.);
#1382=ORIENTED_EDGE('',*,*,#990,.F.);
#1383=ORIENTED_EDGE('',*,*,#994,.F.);
#1384=ORIENTED_EDGE('',*,*,#997,.F.);
#1385=ORIENTED_EDGE('',*,*,#1000,.T.);
#1386=ORIENTED_EDGE('',*,*,#987,.T.);
#1387=ORIENTED_EDGE('',*,*,#984,.T.);
#1388=ORIENTED_EDGE('',*,*,#980,.T.);
#1389=ORIENTED_EDGE('',*,*,#1001,.F.);
#1390=ORIENTED_EDGE('',*,*,#991,.F.);
#1391=ORIENTED_EDGE('',*,*,#1001,.T.);
#1392=ORIENTED_EDGE('',*,*,#983,.T.);
#1393=ORIENTED_EDGE('',*,*,#1002,.F.);
#1394=ORIENTED_EDGE('',*,*,#992,.T.);
#1395=ORIENTED_EDGE('',*,*,#1002,.T.);
#1396=ORIENTED_EDGE('',*,*,#982,.F.);
#1397=ORIENTED_EDGE('',*,*,#986,.F.);
#1398=ORIENTED_EDGE('',*,*,#989,.F.);
#1399=ORIENTED_EDGE('',*,*,#1003,.F.);
#1400=ORIENTED_EDGE('',*,*,#998,.T.);
#1401=ORIENTED_EDGE('',*,*,#995,.T.);
#1402=ORIENTED_EDGE('',*,*,#999,.T.);
#1403=ORIENTED_EDGE('',*,*,#1003,.T.);
#1404=ORIENTED_EDGE('',*,*,#988,.F.);
#1405=ORIENTED_EDGE('',*,*,#1000,.F.);
#1406=CYLINDRICAL_SURFACE('',#1531,0.75);
#1407=CYLINDRICAL_SURFACE('',#1535,0.415764635679482);
#1408=CYLINDRICAL_SURFACE('',#1538,0.415764635679482);
#1409=CYLINDRICAL_SURFACE('',#1541,0.415764635679482);
#1410=CYLINDRICAL_SURFACE('',#1544,0.415764635679482);
#1411=CYLINDRICAL_SURFACE('',#1548,0.274925152799423);
#1412=CYLINDRICAL_SURFACE('',#1552,0.274925152799422);
#1413=CYLINDRICAL_SURFACE('',#1556,0.274925152799423);
#1414=CYLINDRICAL_SURFACE('',#1560,0.274925152799423);
#1415=CYLINDRICAL_SURFACE('',#1573,1.);
#1416=CYLINDRICAL_SURFACE('',#1576,1.);
#1417=CYLINDRICAL_SURFACE('',#1579,1.);
#1418=CYLINDRICAL_SURFACE('',#1582,1.);
#1419=CYLINDRICAL_SURFACE('',#1586,0.75);
#1420=CYLINDRICAL_SURFACE('',#1589,0.5);
#1421=CYLINDRICAL_SURFACE('',#1597,0.5);
#1422=CYLINDRICAL_SURFACE('',#1599,0.5);
#1423=CYLINDRICAL_SURFACE('',#1602,0.5);
#1424=CYLINDRICAL_SURFACE('',#1611,3.25);
#1425=ADVANCED_FACE('',(#121),#1406,.F.);
#1426=ADVANCED_FACE('',(#122),#53,.T.);
#1427=ADVANCED_FACE('',(#123),#1407,.T.);
#1428=ADVANCED_FACE('',(#124),#1408,.T.);
#1429=ADVANCED_FACE('',(#125),#1409,.T.);
#1430=ADVANCED_FACE('',(#126),#1410,.T.);
#1431=ADVANCED_FACE('',(#127),#54,.F.);
#1432=ADVANCED_FACE('',(#128),#1411,.F.);
#1433=ADVANCED_FACE('',(#129),#55,.F.);
#1434=ADVANCED_FACE('',(#130),#1412,.F.);
#1435=ADVANCED_FACE('',(#131),#56,.F.);
#1436=ADVANCED_FACE('',(#132),#1413,.F.);
#1437=ADVANCED_FACE('',(#133),#57,.F.);
#1438=ADVANCED_FACE('',(#134),#1414,.F.);
#1439=ADVANCED_FACE('',(#135,#19,#20,#21,#22,#23),#58,.T.);
#1440=ADVANCED_FACE('',(#136,#24),#59,.T.);
#1441=ADVANCED_FACE('',(#137),#60,.T.);
#1442=ADVANCED_FACE('',(#138),#61,.T.);
#1443=ADVANCED_FACE('',(#139),#62,.T.);
#1444=ADVANCED_FACE('',(#140),#63,.T.);
#1445=ADVANCED_FACE('',(#141),#1415,.T.);
#1446=ADVANCED_FACE('',(#142),#64,.T.);
#1447=ADVANCED_FACE('',(#143),#1416,.T.);
#1448=ADVANCED_FACE('',(#144),#65,.T.);
#1449=ADVANCED_FACE('',(#145),#1417,.T.);
#1450=ADVANCED_FACE('',(#146),#66,.T.);
#1451=ADVANCED_FACE('',(#147),#1418,.T.);
#1452=ADVANCED_FACE('',(#148),#67,.T.);
#1453=ADVANCED_FACE('',(#149),#68,.F.);
#1454=ADVANCED_FACE('',(#150),#1419,.F.);
#1455=ADVANCED_FACE('',(#151),#1420,.T.);
#1456=ADVANCED_FACE('',(#152,#25),#69,.F.);
#1457=ADVANCED_FACE('',(#153),#70,.T.);
#1458=ADVANCED_FACE('',(#154),#1421,.T.);
#1459=ADVANCED_FACE('',(#155),#1422,.T.);
#1460=ADVANCED_FACE('',(#156),#71,.T.);
#1461=ADVANCED_FACE('',(#157),#1423,.T.);
#1462=ADVANCED_FACE('',(#158),#72,.T.);
#1463=ADVANCED_FACE('',(#159),#73,.T.);
#1464=ADVANCED_FACE('',(#160,#26),#74,.T.);
#1465=ADVANCED_FACE('',(#161),#75,.T.);
#1466=ADVANCED_FACE('',(#162),#76,.T.);
#1467=ADVANCED_FACE('',(#163),#77,.T.);
#1468=ADVANCED_FACE('',(#164),#78,.T.);
#1469=ADVANCED_FACE('',(#165),#1424,.T.);
#1470=ADVANCED_FACE('',(#166,#27),#79,.T.);
#1471=ADVANCED_FACE('',(#167,#28),#80,.F.);
#1472=ADVANCED_FACE('',(#168),#81,.T.);
#1473=ADVANCED_FACE('',(#169),#82,.T.);
#1474=ADVANCED_FACE('',(#170),#83,.T.);
#1475=ADVANCED_FACE('',(#171),#84,.F.);
#1476=ADVANCED_FACE('',(#172),#85,.F.);
#1477=ADVANCED_FACE('',(#173),#86,.F.);
#1478=ADVANCED_FACE('',(#174),#87,.F.);
#1479=ADVANCED_FACE('',(#175),#88,.F.);
#1480=ADVANCED_FACE('',(#176),#89,.F.);
#1481=ADVANCED_FACE('',(#177),#90,.F.);
#1482=ADVANCED_FACE('',(#178),#91,.T.);
#1483=ADVANCED_FACE('',(#179),#92,.T.);
#1484=ADVANCED_FACE('',(#180),#93,.T.);
#1485=ADVANCED_FACE('',(#181),#94,.F.);
#1486=ADVANCED_FACE('',(#182),#95,.F.);
#1487=ADVANCED_FACE('',(#183),#96,.F.);
#1488=ADVANCED_FACE('',(#184),#97,.F.);
#1489=ADVANCED_FACE('',(#185),#98,.F.);
#1490=ADVANCED_FACE('',(#186),#99,.F.);
#1491=ADVANCED_FACE('',(#187),#100,.F.);
#1492=ADVANCED_FACE('',(#188),#101,.F.);
#1493=ADVANCED_FACE('',(#189),#102,.F.);
#1494=ADVANCED_FACE('',(#190),#103,.F.);
#1495=ADVANCED_FACE('',(#191),#104,.T.);
#1496=ADVANCED_FACE('',(#192),#105,.T.);
#1497=ADVANCED_FACE('',(#193),#106,.T.);
#1498=ADVANCED_FACE('',(#194),#107,.T.);
#1499=ADVANCED_FACE('',(#195),#108,.T.);
#1500=ADVANCED_FACE('',(#196),#109,.T.);
#1501=ADVANCED_FACE('',(#197),#110,.T.);
#1502=ADVANCED_FACE('',(#198),#111,.F.);
#1503=ADVANCED_FACE('',(#199),#112,.F.);
#1504=ADVANCED_FACE('',(#200),#113,.F.);
#1505=ADVANCED_FACE('',(#201),#114,.T.);
#1506=ADVANCED_FACE('',(#202),#115,.T.);
#1507=ADVANCED_FACE('',(#203),#116,.T.);
#1508=ADVANCED_FACE('',(#204),#117,.T.);
#1509=ADVANCED_FACE('',(#205),#118,.T.);
#1510=ADVANCED_FACE('',(#206),#119,.T.);
#1511=ADVANCED_FACE('',(#207),#120,.T.);
#1512=CLOSED_SHELL('',(#1425,#1426,#1427,#1428,#1429,#1430,#1431,#1432,
#1433,#1434,#1435,#1436,#1437,#1438,#1439,#1440,#1441,#1442,#1443,#1444,
#1445,#1446,#1447,#1448,#1449,#1450,#1451,#1452,#1453));
#1513=CLOSED_SHELL('',(#1454,#1455,#1456,#1457,#1458,#1459,#1460,#1461,
#1462,#1463,#1464,#1465,#1466,#1467,#1468,#1469,#1470,#1471));
#1514=CLOSED_SHELL('',(#1472,#1473,#1474,#1475,#1476,#1477,#1478,#1479,
#1480,#1481));
#1515=CLOSED_SHELL('',(#1482,#1483,#1484,#1485,#1486,#1487,#1488,#1489,
#1490,#1491));
#1516=CLOSED_SHELL('',(#1492,#1493,#1494,#1495,#1496,#1497,#1498,#1499,
#1500,#1501));
#1517=CLOSED_SHELL('',(#1502,#1503,#1504,#1505,#1506,#1507,#1508,#1509,
#1510,#1511));
#1518=DERIVED_UNIT_ELEMENT(#1520,1.);
#1519=DERIVED_UNIT_ELEMENT(#2499,-3.);
#1520=(
MASS_UNIT()
NAMED_UNIT(*)
SI_UNIT(.KILO.,.GRAM.)
);
#1521=DERIVED_UNIT((#1518,#1519));
#1522=MEASURE_REPRESENTATION_ITEM('density measure',
POSITIVE_RATIO_MEASURE(7850.),#1521);
#1523=PROPERTY_DEFINITION_REPRESENTATION(#1528,#1525);
#1524=PROPERTY_DEFINITION_REPRESENTATION(#1529,#1526);
#1525=REPRESENTATION('material name',(#1527),#2496);
#1526=REPRESENTATION('density',(#1522),#2496);
#1527=DESCRIPTIVE_REPRESENTATION_ITEM('Steel','Steel');
#1528=PROPERTY_DEFINITION('material property','material name',#2506);
#1529=PROPERTY_DEFINITION('material property','density of part',#2506);
#1530=AXIS2_PLACEMENT_3D('',#2071,#1656,#1657);
#1531=AXIS2_PLACEMENT_3D('',#2072,#1658,#1659);
#1532=AXIS2_PLACEMENT_3D('',#2074,#1660,#1661);
#1533=AXIS2_PLACEMENT_3D('',#2077,#1663,#1664);
#1534=AXIS2_PLACEMENT_3D('',#2078,#1665,#1666);
#1535=AXIS2_PLACEMENT_3D('',#2079,#1667,#1668);
#1536=AXIS2_PLACEMENT_3D('',#2081,#1669,#1670);
#1537=AXIS2_PLACEMENT_3D('',#2084,#1672,#1673);
#1538=AXIS2_PLACEMENT_3D('',#2085,#1674,#1675);
#1539=AXIS2_PLACEMENT_3D('',#2087,#1676,#1677);
#1540=AXIS2_PLACEMENT_3D('',#2090,#1679,#1680);
#1541=AXIS2_PLACEMENT_3D('',#2091,#1681,#1682);
#1542=AXIS2_PLACEMENT_3D('',#2093,#1683,#1684);
#1543=AXIS2_PLACEMENT_3D('',#2096,#1686,#1687);
#1544=AXIS2_PLACEMENT_3D('',#2097,#1688,#1689);
#1545=AXIS2_PLACEMENT_3D('',#2099,#1690,#1691);
#1546=AXIS2_PLACEMENT_3D('',#2102,#1693,#1694);
#1547=AXIS2_PLACEMENT_3D('',#2103,#1695,#1696);
#1548=AXIS2_PLACEMENT_3D('',#2112,#1701,#1702);
#1549=AXIS2_PLACEMENT_3D('',#2114,#1703,#1704);
#1550=AXIS2_PLACEMENT_3D('',#2117,#1706,#1707);
#1551=AXIS2_PLACEMENT_3D('',#2118,#1708,#1709);
#1552=AXIS2_PLACEMENT_3D('',#2124,#1713,#1714);
#1553=AXIS2_PLACEMENT_3D('',#2126,#1715,#1716);
#1554=AXIS2_PLACEMENT_3D('',#2129,#1718,#1719);
#1555=AXIS2_PLACEMENT_3D('',#2130,#1720,#1721);
#1556=AXIS2_PLACEMENT_3D('',#2136,#1725,#1726);
#1557=AXIS2_PLACEMENT_3D('',#2138,#1727,#1728);
#1558=AXIS2_PLACEMENT_3D('',#2141,#1730,#1731);
#1559=AXIS2_PLACEMENT_3D('',#2142,#1732,#1733);
#1560=AXIS2_PLACEMENT_3D('',#2148,#1737,#1738);
#1561=AXIS2_PLACEMENT_3D('',#2149,#1739,#1740);
#1562=AXIS2_PLACEMENT_3D('',#2150,#1741,#1742);
#1563=AXIS2_PLACEMENT_3D('',#2151,#1743,#1744);
#1564=AXIS2_PLACEMENT_3D('',#2152,#1745,#1746);
#1565=AXIS2_PLACEMENT_3D('',#2155,#1747,#1748);
#1566=AXIS2_PLACEMENT_3D('',#2159,#1750,#1751);
#1567=AXIS2_PLACEMENT_3D('',#2163,#1753,#1754);
#1568=AXIS2_PLACEMENT_3D('',#2167,#1756,#1757);
#1569=AXIS2_PLACEMENT_3D('',#2169,#1759,#1760);
#1570=AXIS2_PLACEMENT_3D('',#2170,#1761,#1762);
#1571=AXIS2_PLACEMENT_3D('',#2171,#1763,#1764);
#1572=AXIS2_PLACEMENT_3D('',#2172,#1765,#1766);
#1573=AXIS2_PLACEMENT_3D('',#2178,#1770,#1771);
#1574=AXIS2_PLACEMENT_3D('',#2180,#1772,#1773);
#1575=AXIS2_PLACEMENT_3D('',#2182,#1775,#1776);
#1576=AXIS2_PLACEMENT_3D('',#2186,#1779,#1780);
#1577=AXIS2_PLACEMENT_3D('',#2188,#1781,#1782);
#1578=AXIS2_PLACEMENT_3D('',#2190,#1784,#1785);
#1579=AXIS2_PLACEMENT_3D('',#2194,#1788,#1789);
#1580=AXIS2_PLACEMENT_3D('',#2196,#1790,#1791);
#1581=AXIS2_PLACEMENT_3D('',#2198,#1793,#1794);
#1582=AXIS2_PLACEMENT_3D('',#2202,#1797,#1798);
#1583=AXIS2_PLACEMENT_3D('',#2203,#1799,#1800);
#1584=AXIS2_PLACEMENT_3D('',#2204,#1801,#1802);
#1585=AXIS2_PLACEMENT_3D('',#2205,#1803,#1804);
#1586=AXIS2_PLACEMENT_3D('',#2206,#1805,#1806);
#1587=AXIS2_PLACEMENT_3D('',#2208,#1807,#1808);
#1588=AXIS2_PLACEMENT_3D('',#2211,#1810,#1811);
#1589=AXIS2_PLACEMENT_3D('',#2212,#1812,#1813);
#1590=AXIS2_PLACEMENT_3D('',#2215,#1814,#1815);
#1591=AXIS2_PLACEMENT_3D('',#2219,#1817,#1818);
#1592=AXIS2_PLACEMENT_3D('',#2221,#1820,#1821);
#1593=AXIS2_PLACEMENT_3D('',#2225,#1823,#1824);
#1594=AXIS2_PLACEMENT_3D('',#2229,#1826,#1827);
#1595=AXIS2_PLACEMENT_3D('',#2233,#1829,#1830);
#1596=AXIS2_PLACEMENT_3D('',#2243,#1836,#1837);
#1597=AXIS2_PLACEMENT_3D('',#2247,#1840,#1841);
#1598=AXIS2_PLACEMENT_3D('',#2249,#1842,#1843);
#1599=AXIS2_PLACEMENT_3D('',#2251,#1845,#1846);
#1600=AXIS2_PLACEMENT_3D('',#2254,#1847,#1848);
#1601=AXIS2_PLACEMENT_3D('',#2257,#1851,#1852);
#1602=AXIS2_PLACEMENT_3D('',#2261,#1855,#1856);
#1603=AXIS2_PLACEMENT_3D('',#2263,#1857,#1858);
#1604=AXIS2_PLACEMENT_3D('',#2265,#1860,#1861);
#1605=AXIS2_PLACEMENT_3D('',#2267,#1863,#1864);
#1606=AXIS2_PLACEMENT_3D('',#2269,#1866,#1867);
#1607=AXIS2_PLACEMENT_3D('',#2270,#1868,#1869);
#1608=AXIS2_PLACEMENT_3D('',#2276,#1873,#1874);
#1609=AXIS2_PLACEMENT_3D('',#2280,#1877,#1878);
#1610=AXIS2_PLACEMENT_3D('',#2284,#1881,#1882);
#1611=AXIS2_PLACEMENT_3D('',#2286,#1884,#1885);
#1612=AXIS2_PLACEMENT_3D('',#2288,#1886,#1887);
#1613=AXIS2_PLACEMENT_3D('',#2291,#1889,#1890);
#1614=AXIS2_PLACEMENT_3D('',#2292,#1891,#1892);
#1615=AXIS2_PLACEMENT_3D('',#2293,#1893,#1894);
#1616=AXIS2_PLACEMENT_3D('',#2294,#1895,#1896);
#1617=AXIS2_PLACEMENT_3D('',#2303,#1901,#1902);
#1618=AXIS2_PLACEMENT_3D('',#2309,#1906,#1907);
#1619=AXIS2_PLACEMENT_3D('',#2315,#1911,#1912);
#1620=AXIS2_PLACEMENT_3D('',#2324,#1917,#1918);
#1621=AXIS2_PLACEMENT_3D('',#2330,#1922,#1923);
#1622=AXIS2_PLACEMENT_3D('',#2336,#1927,#1928);
#1623=AXIS2_PLACEMENT_3D('',#2339,#1931,#1932);
#1624=AXIS2_PLACEMENT_3D('',#2341,#1934,#1935);
#1625=AXIS2_PLACEMENT_3D('',#2343,#1937,#1938);
#1626=AXIS2_PLACEMENT_3D('',#2344,#1939,#1940);
#1627=AXIS2_PLACEMENT_3D('',#2353,#1945,#1946);
#1628=AXIS2_PLACEMENT_3D('',#2359,#1950,#1951);
#1629=AXIS2_PLACEMENT_3D('',#2365,#1955,#1956);
#1630=AXIS2_PLACEMENT_3D('',#2374,#1961,#1962);
#1631=AXIS2_PLACEMENT_3D('',#2380,#1966,#1967);
#1632=AXIS2_PLACEMENT_3D('',#2386,#1971,#1972);
#1633=AXIS2_PLACEMENT_3D('',#2389,#1975,#1976);
#1634=AXIS2_PLACEMENT_3D('',#2391,#1978,#1979);
#1635=AXIS2_PLACEMENT_3D('',#2393,#1981,#1982);
#1636=AXIS2_PLACEMENT_3D('',#2394,#1983,#1984);
#1637=AXIS2_PLACEMENT_3D('',#2403,#1989,#1990);
#1638=AXIS2_PLACEMENT_3D('',#2409,#1994,#1995);
#1639=AXIS2_PLACEMENT_3D('',#2415,#1999,#2000);
#1640=AXIS2_PLACEMENT_3D('',#2424,#2005,#2006);
#1641=AXIS2_PLACEMENT_3D('',#2430,#2010,#2011);
#1642=AXIS2_PLACEMENT_3D('',#2436,#2015,#2016);
#1643=AXIS2_PLACEMENT_3D('',#2439,#2019,#2020);
#1644=AXIS2_PLACEMENT_3D('',#2441,#2022,#2023);
#1645=AXIS2_PLACEMENT_3D('',#2443,#2025,#2026);
#1646=AXIS2_PLACEMENT_3D('',#2444,#2027,#2028);
#1647=AXIS2_PLACEMENT_3D('',#2453,#2033,#2034);
#1648=AXIS2_PLACEMENT_3D('',#2459,#2038,#2039);
#1649=AXIS2_PLACEMENT_3D('',#2465,#2043,#2044);
#1650=AXIS2_PLACEMENT_3D('',#2474,#2049,#2050);
#1651=AXIS2_PLACEMENT_3D('',#2480,#2054,#2055);
#1652=AXIS2_PLACEMENT_3D('',#2486,#2059,#2060);
#1653=AXIS2_PLACEMENT_3D('',#2489,#2063,#2064);
#1654=AXIS2_PLACEMENT_3D('',#2491,#2066,#2067);
#1655=AXIS2_PLACEMENT_3D('',#2493,#2069,#2070);
#1656=DIRECTION('axis',(0.,0.,1.));
#1657=DIRECTION('refdir',(1.,0.,0.));
#1658=DIRECTION('center_axis',(0.,-1.,0.));
#1659=DIRECTION('ref_axis',(-1.,0.,0.));
#1660=DIRECTION('center_axis',(0.,-1.,0.));
#1661=DIRECTION('ref_axis',(-1.,0.,0.));
#1662=DIRECTION('',(0.,-1.,0.));
#1663=DIRECTION('center_axis',(0.,-1.,0.));
#1664=DIRECTION('ref_axis',(-1.,0.,0.));
#1665=DIRECTION('center_axis',(0.,1.,0.));
#1666=DIRECTION('ref_axis',(-1.,0.,0.));
#1667=DIRECTION('center_axis',(0.,-1.,0.));
#1668=DIRECTION('ref_axis',(-1.,0.,0.));
#1669=DIRECTION('center_axis',(0.,1.,0.));
#1670=DIRECTION('ref_axis',(-1.,0.,0.));
#1671=DIRECTION('',(0.,-1.,0.));
#1672=DIRECTION('center_axis',(0.,1.,0.));
#1673=DIRECTION('ref_axis',(-1.,0.,0.));
#1674=DIRECTION('center_axis',(0.,-1.,0.));
#1675=DIRECTION('ref_axis',(-1.,0.,0.));
#1676=DIRECTION('center_axis',(0.,1.,0.));
#1677=DIRECTION('ref_axis',(-1.,0.,0.));
#1678=DIRECTION('',(0.,-1.,0.));
#1679=DIRECTION('center_axis',(0.,1.,0.));
#1680=DIRECTION('ref_axis',(-1.,0.,0.));
#1681=DIRECTION('center_axis',(0.,-1.,0.));
#1682=DIRECTION('ref_axis',(-1.,0.,0.));
#1683=DIRECTION('center_axis',(0.,1.,0.));
#1684=DIRECTION('ref_axis',(-1.,0.,0.));
#1685=DIRECTION('',(0.,-1.,0.));
#1686=DIRECTION('center_axis',(0.,1.,0.));
#1687=DIRECTION('ref_axis',(-1.,0.,0.));
#1688=DIRECTION('center_axis',(0.,-1.,0.));
#1689=DIRECTION('ref_axis',(-1.,0.,0.));
#1690=DIRECTION('center_axis',(0.,1.,0.));
#1691=DIRECTION('ref_axis',(-1.,0.,0.));
#1692=DIRECTION('',(0.,-1.,0.));
#1693=DIRECTION('center_axis',(0.,1.,0.));
#1694=DIRECTION('ref_axis',(-1.,0.,0.));
#1695=DIRECTION('center_axis',(-1.,0.,1.12143739861127E-16));
#1696=DIRECTION('ref_axis',(-1.12143739861127E-16,0.,-1.));
#1697=DIRECTION('',(-1.12143739861127E-16,0.,-1.));
#1698=DIRECTION('',(0.,-1.,0.));
#1699=DIRECTION('',(-1.12143739861127E-16,0.,-1.));
#1700=DIRECTION('',(0.,-1.,0.));
#1701=DIRECTION('center_axis',(0.,-1.,0.));
#1702=DIRECTION('ref_axis',(-1.,0.,8.0765474771611E-15));
#1703=DIRECTION('center_axis',(0.,-1.,0.));
#1704=DIRECTION('ref_axis',(-1.,0.,8.0765474771611E-15));
#1705=DIRECTION('',(0.,-1.,0.));
#1706=DIRECTION('center_axis',(0.,-1.,0.));
#1707=DIRECTION('ref_axis',(-1.,0.,8.0765474771611E-15));
#1708=DIRECTION('center_axis',(2.24287479722254E-16,0.,1.));
#1709=DIRECTION('ref_axis',(-1.,0.,2.24287479722254E-16));
#1710=DIRECTION('',(-1.,0.,2.24287479722254E-16));
#1711=DIRECTION('',(0.,-1.,0.));
#1712=DIRECTION('',(-1.,0.,2.24287479722254E-16));
#1713=DIRECTION('center_axis',(0.,-1.,0.));
#1714=DIRECTION('ref_axis',(1.00956843464514E-14,0.,1.));
#1715=DIRECTION('center_axis',(0.,-1.,0.));
#1716=DIRECTION('ref_axis',(1.00956843464514E-14,0.,1.));
#1717=DIRECTION('',(0.,-1.,0.));
#1718=DIRECTION('center_axis',(0.,-1.,0.));
#1719=DIRECTION('ref_axis',(1.00956843464514E-14,0.,1.));
#1720=DIRECTION('center_axis',(1.,0.,0.));
#1721=DIRECTION('ref_axis',(0.,0.,1.));
#1722=DIRECTION('',(0.,0.,1.));
#1723=DIRECTION('',(0.,-1.,0.));
#1724=DIRECTION('',(0.,0.,1.));
#1725=DIRECTION('center_axis',(0.,-1.,0.));
#1726=DIRECTION('ref_axis',(1.,0.,-1.00956843464514E-14));
#1727=DIRECTION('center_axis',(0.,-1.,0.));
#1728=DIRECTION('ref_axis',(1.,0.,-1.00956843464514E-14));
#1729=DIRECTION('',(0.,-1.,0.));
#1730=DIRECTION('center_axis',(0.,-1.,0.));
#1731=DIRECTION('ref_axis',(1.,0.,-1.00956843464514E-14));
#1732=DIRECTION('center_axis',(-1.12143739861127E-16,0.,-1.));
#1733=DIRECTION('ref_axis',(1.,0.,-1.12143739861127E-16));
#1734=DIRECTION('',(1.,0.,-1.12143739861127E-16));
#1735=DIRECTION('',(0.,-1.,0.));
#1736=DIRECTION('',(1.,0.,-1.12143739861127E-16));
#1737=DIRECTION('center_axis',(0.,-1.,0.));
#1738=DIRECTION('ref_axis',(-4.03827373858055E-15,0.,-1.));
#1739=DIRECTION('center_axis',(0.,-1.,0.));
#1740=DIRECTION('ref_axis',(-4.03827373858055E-15,0.,-1.));
#1741=DIRECTION('center_axis',(0.,-1.,0.));
#1742=DIRECTION('ref_axis',(-4.03827373858055E-15,0.,-1.));
#1743=DIRECTION('center_axis',(0.,1.,0.));
#1744=DIRECTION('ref_axis',(-1.,0.,0.));
#1745=DIRECTION('center_axis',(0.,1.,0.));
#1746=DIRECTION('ref_axis',(1.,0.,0.));
#1747=DIRECTION('center_axis',(0.,1.,0.));
#1748=DIRECTION('ref_axis',(1.,0.,-2.22044604925031E-15));
#1749=DIRECTION('',(-1.,0.,1.12143739861127E-16));
#1750=DIRECTION('center_axis',(0.,1.,0.));
#1751=DIRECTION('ref_axis',(-1.66533453693773E-15,0.,-1.));
#1752=DIRECTION('',(1.12143739861127E-16,0.,1.));
#1753=DIRECTION('center_axis',(0.,1.,0.));
#1754=DIRECTION('ref_axis',(-1.,0.,2.22044604925031E-15));
#1755=DIRECTION('',(1.,0.,-1.12143739861127E-16));
#1756=DIRECTION('center_axis',(0.,1.,0.));
#1757=DIRECTION('ref_axis',(2.22044604925031E-15,0.,1.));
#1758=DIRECTION('',(-1.12143739861127E-16,0.,-1.));
#1759=DIRECTION('center_axis',(0.,1.,0.));
#1760=DIRECTION('ref_axis',(1.,0.,0.));
#1761=DIRECTION('center_axis',(0.,1.,0.));
#1762=DIRECTION('ref_axis',(1.,0.,0.));
#1763=DIRECTION('center_axis',(0.,1.,0.));
#1764=DIRECTION('ref_axis',(1.,0.,0.));
#1765=DIRECTION('center_axis',(1.,0.,-1.12143739861127E-16));
#1766=DIRECTION('ref_axis',(-1.12143739861127E-16,0.,-1.));
#1767=DIRECTION('',(-1.12143739861127E-16,0.,-1.));
#1768=DIRECTION('',(0.,1.,0.));
#1769=DIRECTION('',(0.,1.,0.));
#1770=DIRECTION('center_axis',(0.,1.,0.));
#1771=DIRECTION('ref_axis',(2.22044604925031E-15,0.,1.));
#1772=DIRECTION('center_axis',(0.,1.,0.));
#1773=DIRECTION('ref_axis',(2.22044604925031E-15,0.,1.));
#1774=DIRECTION('',(0.,1.,0.));
#1775=DIRECTION('center_axis',(1.12143739861127E-16,0.,1.));
#1776=DIRECTION('ref_axis',(1.,0.,-1.12143739861127E-16));
#1777=DIRECTION('',(1.,0.,-1.12143739861127E-16));
#1778=DIRECTION('',(0.,1.,0.));
#1779=DIRECTION('center_axis',(0.,1.,0.));
#1780=DIRECTION('ref_axis',(-1.,0.,2.22044604925031E-15));
#1781=DIRECTION('center_axis',(0.,1.,0.));
#1782=DIRECTION('ref_axis',(-1.,0.,2.22044604925031E-15));
#1783=DIRECTION('',(0.,1.,0.));
#1784=DIRECTION('center_axis',(-1.,0.,1.12143739861127E-16));
#1785=DIRECTION('ref_axis',(1.12143739861127E-16,0.,1.));
#1786=DIRECTION('',(1.12143739861127E-16,0.,1.));
#1787=DIRECTION('',(0.,1.,0.));
#1788=DIRECTION('center_axis',(0.,1.,0.));
#1789=DIRECTION('ref_axis',(-1.66533453693773E-15,0.,-1.));
#1790=DIRECTION('center_axis',(0.,1.,0.));
#1791=DIRECTION('ref_axis',(-1.66533453693773E-15,0.,-1.));
#1792=DIRECTION('',(0.,1.,0.));
#1793=DIRECTION('center_axis',(-1.12143739861127E-16,0.,-1.));
#1794=DIRECTION('ref_axis',(-1.,0.,1.12143739861127E-16));
#1795=DIRECTION('',(-1.,0.,1.12143739861127E-16));
#1796=DIRECTION('',(0.,1.,0.));
#1797=DIRECTION('center_axis',(0.,1.,0.));
#1798=DIRECTION('ref_axis',(1.,0.,-2.22044604925031E-15));
#1799=DIRECTION('center_axis',(0.,1.,0.));
#1800=DIRECTION('ref_axis',(1.,0.,-2.22044604925031E-15));
#1801=DIRECTION('center_axis',(0.,1.,0.));
#1802=DIRECTION('ref_axis',(1.,0.,0.));
#1803=DIRECTION('center_axis',(0.,1.,0.));
#1804=DIRECTION('ref_axis',(1.,0.,0.));
#1805=DIRECTION('center_axis',(0.,-1.,0.));
#1806=DIRECTION('ref_axis',(-1.,0.,0.));
#1807=DIRECTION('center_axis',(0.,-1.,0.));
#1808=DIRECTION('ref_axis',(-1.,0.,0.));
#1809=DIRECTION('',(0.,-1.,0.));
#1810=DIRECTION('center_axis',(0.,1.,0.));
#1811=DIRECTION('ref_axis',(-1.,0.,0.));
#1812=DIRECTION('center_axis',(0.,1.,0.));
#1813=DIRECTION('ref_axis',(-0.707106781186548,0.,-0.707106781186548));
#1814=DIRECTION('center_axis',(0.,-1.,0.));
#1815=DIRECTION('ref_axis',(-0.707106781186548,0.,-0.707106781186548));
#1816=DIRECTION('',(0.,-1.,0.));
#1817=DIRECTION('center_axis',(0.,1.,0.));
#1818=DIRECTION('ref_axis',(-0.707106781186548,0.,-0.707106781186548));
#1819=DIRECTION('',(0.,1.,0.));
#1820=DIRECTION('center_axis',(0.,1.,0.));
#1821=DIRECTION('ref_axis',(-1.,0.,0.));
#1822=DIRECTION('',(-1.,0.,0.));
#1823=DIRECTION('center_axis',(0.,1.,0.));
#1824=DIRECTION('ref_axis',(0.707106781186548,0.,-0.707106781186548));
#1825=DIRECTION('',(0.,0.,-1.));
#1826=DIRECTION('center_axis',(0.,1.,0.));
#1827=DIRECTION('ref_axis',(0.707106781186548,0.,0.707106781186548));
#1828=DIRECTION('',(1.,0.,0.));
#1829=DIRECTION('center_axis',(0.,1.,0.));
#1830=DIRECTION('ref_axis',(-0.707106781186548,0.,0.707106781186548));
#1831=DIRECTION('',(0.,0.,1.));
#1832=DIRECTION('',(-1.,0.,0.));
#1833=DIRECTION('',(0.,0.,1.));
#1834=DIRECTION('',(1.,0.,0.));
#1835=DIRECTION('',(0.,0.,-1.));
#1836=DIRECTION('center_axis',(0.,0.,-1.));
#1837=DIRECTION('ref_axis',(-1.,0.,0.));
#1838=DIRECTION('',(-1.,0.,0.));
#1839=DIRECTION('',(0.,1.,0.));
#1840=DIRECTION('center_axis',(0.,1.,0.));
#1841=DIRECTION('ref_axis',(0.707106781186548,0.,-0.707106781186548));
#1842=DIRECTION('center_axis',(0.,-1.,0.));
#1843=DIRECTION('ref_axis',(0.707106781186548,0.,-0.707106781186548));
#1844=DIRECTION('',(0.,-1.,0.));
#1845=DIRECTION('center_axis',(0.,1.,0.));
#1846=DIRECTION('ref_axis',(0.707106781186548,0.,0.707106781186548));
#1847=DIRECTION('center_axis',(0.,-1.,0.));
#1848=DIRECTION('ref_axis',(0.707106781186548,0.,0.707106781186548));
#1849=DIRECTION('',(0.,-1.,0.));
#1850=DIRECTION('',(0.,1.,0.));
#1851=DIRECTION('center_axis',(0.,0.,1.));
#1852=DIRECTION('ref_axis',(1.,0.,0.));
#1853=DIRECTION('',(1.,0.,0.));
#1854=DIRECTION('',(0.,1.,0.));
#1855=DIRECTION('center_axis',(0.,1.,0.));
#1856=DIRECTION('ref_axis',(-0.707106781186548,0.,0.707106781186548));
#1857=DIRECTION('center_axis',(0.,-1.,0.));
#1858=DIRECTION('ref_axis',(-0.707106781186548,0.,0.707106781186548));
#1859=DIRECTION('',(0.,-1.,0.));
#1860=DIRECTION('center_axis',(-1.,0.,0.));
#1861=DIRECTION('ref_axis',(0.,0.,1.));
#1862=DIRECTION('',(0.,0.,1.));
#1863=DIRECTION('center_axis',(1.,0.,0.));
#1864=DIRECTION('ref_axis',(0.,0.,-1.));
#1865=DIRECTION('',(0.,0.,-1.));
#1866=DIRECTION('center_axis',(0.,1.,0.));
#1867=DIRECTION('ref_axis',(0.,0.,1.));
#1868=DIRECTION('center_axis',(0.,0.,-1.));
#1869=DIRECTION('ref_axis',(-1.,0.,0.));
#1870=DIRECTION('',(1.,0.,0.));
#1871=DIRECTION('',(0.,1.,0.));
#1872=DIRECTION('',(0.,1.,0.));
#1873=DIRECTION('center_axis',(1.,0.,0.));
#1874=DIRECTION('ref_axis',(0.,0.,-1.));
#1875=DIRECTION('',(0.,0.,1.));
#1876=DIRECTION('',(0.,1.,0.));
#1877=DIRECTION('center_axis',(0.,0.,1.));
#1878=DIRECTION('ref_axis',(1.,0.,0.));
#1879=DIRECTION('',(-1.,0.,0.));
#1880=DIRECTION('',(0.,1.,0.));
#1881=DIRECTION('center_axis',(-1.,0.,0.));
#1882=DIRECTION('ref_axis',(0.,0.,1.));
#1883=DIRECTION('',(0.,0.,-1.));
#1884=DIRECTION('center_axis',(0.,1.,0.));
#1885=DIRECTION('ref_axis',(-1.,0.,0.));
#1886=DIRECTION('center_axis',(0.,1.,0.));
#1887=DIRECTION('ref_axis',(-1.,0.,0.));
#1888=DIRECTION('',(0.,-1.,0.));
#1889=DIRECTION('center_axis',(0.,1.,0.));
#1890=DIRECTION('ref_axis',(-1.,0.,0.));
#1891=DIRECTION('center_axis',(0.,1.,0.));
#1892=DIRECTION('ref_axis',(-1.,0.,0.));
#1893=DIRECTION('center_axis',(0.,1.,0.));
#1894=DIRECTION('ref_axis',(-1.,0.,0.));
#1895=DIRECTION('center_axis',(1.,0.,0.));
#1896=DIRECTION('ref_axis',(0.,-1.,0.));
#1897=DIRECTION('',(0.,-1.,0.));
#1898=DIRECTION('',(0.,0.,-1.));
#1899=DIRECTION('',(0.,-1.,0.));
#1900=DIRECTION('',(0.,0.,-1.));
#1901=DIRECTION('center_axis',(0.960564264414561,0.278058076541057,0.));
#1902=DIRECTION('ref_axis',(0.278058076541057,-0.960564264414561,0.));
#1903=DIRECTION('',(0.278058076541057,-0.960564264414561,0.));
#1904=DIRECTION('',(0.278058076541057,-0.960564264414561,0.));
#1905=DIRECTION('',(0.,0.,-1.));
#1906=DIRECTION('center_axis',(0.432754363328265,0.901511875141059,0.));
#1907=DIRECTION('ref_axis',(0.901511875141059,-0.432754363328265,0.));
#1908=DIRECTION('',(0.901511875141059,-0.432754363328265,0.));
#1909=DIRECTION('',(0.901511875141059,-0.432754363328265,0.));
#1910=DIRECTION('',(0.,0.,-1.));
#1911=DIRECTION('center_axis',(1.,0.,0.));
#1912=DIRECTION('ref_axis',(0.,-1.,0.));
#1913=DIRECTION('',(0.,-1.,0.));
#1914=DIRECTION('',(0.,0.,1.));
#1915=DIRECTION('',(0.,-1.,0.));
#1916=DIRECTION('',(0.,0.,-1.));
#1917=DIRECTION('center_axis',(0.960564264414561,0.278058076541057,0.));
#1918=DIRECTION('ref_axis',(0.278058076541057,-0.960564264414561,0.));
#1919=DIRECTION('',(0.278058076541057,-0.960564264414561,0.));
#1920=DIRECTION('',(0.,0.,1.));
#1921=DIRECTION('',(0.278058076541057,-0.960564264414561,0.));
#1922=DIRECTION('center_axis',(0.432754363328265,0.901511875141059,0.));
#1923=DIRECTION('ref_axis',(0.901511875141059,-0.432754363328265,0.));
#1924=DIRECTION('',(0.901511875141059,-0.432754363328265,0.));
#1925=DIRECTION('',(0.,0.,-1.));
#1926=DIRECTION('',(0.901511875141059,-0.432754363328265,0.));
#1927=DIRECTION('center_axis',(0.,0.,-1.));
#1928=DIRECTION('ref_axis',(-1.,0.,0.));
#1929=DIRECTION('',(1.,0.,0.));
#1930=DIRECTION('',(0.432754363328265,0.901511875141059,0.));
#1931=DIRECTION('center_axis',(0.,1.,0.));
#1932=DIRECTION('ref_axis',(0.,0.,1.));
#1933=DIRECTION('',(1.,0.,0.));
#1934=DIRECTION('center_axis',(0.,0.,1.));
#1935=DIRECTION('ref_axis',(1.,0.,0.));
#1936=DIRECTION('',(0.432754363328265,0.901511875141059,0.));
#1937=DIRECTION('center_axis',(0.901511875141059,-0.432754363328265,0.));
#1938=DIRECTION('ref_axis',(0.,0.,-1.));
#1939=DIRECTION('center_axis',(1.,0.,0.));
#1940=DIRECTION('ref_axis',(0.,-1.,0.));
#1941=DIRECTION('',(0.,-1.,0.));
#1942=DIRECTION('',(0.,0.,-1.));
#1943=DIRECTION('',(0.,-1.,0.));
#1944=DIRECTION('',(0.,0.,-1.));
#1945=DIRECTION('center_axis',(0.960564264414561,0.278058076541057,0.));
#1946=DIRECTION('ref_axis',(0.278058076541057,-0.960564264414561,0.));
#1947=DIRECTION('',(0.278058076541057,-0.960564264414561,0.));
#1948=DIRECTION('',(0.278058076541057,-0.960564264414561,0.));
#1949=DIRECTION('',(0.,0.,-1.));
#1950=DIRECTION('center_axis',(0.432754363328265,0.901511875141059,0.));
#1951=DIRECTION('ref_axis',(0.901511875141059,-0.432754363328265,0.));
#1952=DIRECTION('',(0.901511875141059,-0.432754363328265,0.));
#1953=DIRECTION('',(0.901511875141059,-0.432754363328265,0.));
#1954=DIRECTION('',(0.,0.,-1.));
#1955=DIRECTION('center_axis',(1.,0.,0.));
#1956=DIRECTION('ref_axis',(0.,-1.,0.));
#1957=DIRECTION('',(0.,-1.,0.));
#1958=DIRECTION('',(0.,0.,1.));
#1959=DIRECTION('',(0.,-1.,0.));
#1960=DIRECTION('',(0.,0.,-1.));
#1961=DIRECTION('center_axis',(0.960564264414561,0.278058076541057,0.));
#1962=DIRECTION('ref_axis',(0.278058076541057,-0.960564264414561,0.));
#1963=DIRECTION('',(0.278058076541057,-0.960564264414561,0.));
#1964=DIRECTION('',(0.,0.,1.));
#1965=DIRECTION('',(0.278058076541057,-0.960564264414561,0.));
#1966=DIRECTION('center_axis',(0.432754363328265,0.901511875141059,0.));
#1967=DIRECTION('ref_axis',(0.901511875141059,-0.432754363328265,0.));
#1968=DIRECTION('',(0.901511875141059,-0.432754363328265,0.));
#1969=DIRECTION('',(0.,0.,-1.));
#1970=DIRECTION('',(0.901511875141059,-0.432754363328265,0.));
#1971=DIRECTION('center_axis',(0.,0.,-1.));
#1972=DIRECTION('ref_axis',(-1.,0.,0.));
#1973=DIRECTION('',(1.,0.,0.));
#1974=DIRECTION('',(0.432754363328265,0.901511875141059,0.));
#1975=DIRECTION('center_axis',(0.,1.,0.));
#1976=DIRECTION('ref_axis',(0.,0.,1.));
#1977=DIRECTION('',(1.,0.,0.));
#1978=DIRECTION('center_axis',(0.,0.,1.));
#1979=DIRECTION('ref_axis',(1.,0.,0.));
#1980=DIRECTION('',(0.432754363328265,0.901511875141059,0.));
#1981=DIRECTION('center_axis',(0.901511875141059,-0.432754363328265,0.));
#1982=DIRECTION('ref_axis',(0.,0.,-1.));
#1983=DIRECTION('center_axis',(1.,0.,0.));
#1984=DIRECTION('ref_axis',(0.,-1.,0.));
#1985=DIRECTION('',(0.,-1.,0.));
#1986=DIRECTION('',(0.,0.,-1.));
#1987=DIRECTION('',(0.,-1.,0.));
#1988=DIRECTION('',(0.,0.,-1.));
#1989=DIRECTION('center_axis',(0.960564264414561,-0.278058076541057,0.));
#1990=DIRECTION('ref_axis',(-0.278058076541057,-0.960564264414561,0.));
#1991=DIRECTION('',(-0.278058076541057,-0.960564264414561,0.));
#1992=DIRECTION('',(0.,0.,-1.));
#1993=DIRECTION('',(-0.278058076541057,-0.960564264414561,0.));
#1994=DIRECTION('center_axis',(0.432754363328265,-0.901511875141059,0.));
#1995=DIRECTION('ref_axis',(-0.901511875141059,-0.432754363328265,0.));
#1996=DIRECTION('',(-0.901511875141059,-0.432754363328265,0.));
#1997=DIRECTION('',(0.,0.,-1.));
#1998=DIRECTION('',(-0.901511875141059,-0.432754363328265,0.));
#1999=DIRECTION('center_axis',(1.,0.,0.));
#2000=DIRECTION('ref_axis',(0.,-1.,0.));
#2001=DIRECTION('',(0.,-1.,0.));
#2002=DIRECTION('',(0.,0.,-1.));
#2003=DIRECTION('',(0.,-1.,0.));
#2004=DIRECTION('',(0.,0.,1.));
#2005=DIRECTION('center_axis',(0.960564264414561,-0.278058076541057,0.));
#2006=DIRECTION('ref_axis',(-0.278058076541057,-0.960564264414561,0.));
#2007=DIRECTION('',(-0.278058076541057,-0.960564264414561,0.));
#2008=DIRECTION('',(-0.278058076541057,-0.960564264414561,0.));
#2009=DIRECTION('',(0.,0.,1.));
#2010=DIRECTION('center_axis',(0.432754363328265,-0.901511875141059,0.));
#2011=DIRECTION('ref_axis',(-0.901511875141059,-0.432754363328265,0.));
#2012=DIRECTION('',(-0.901511875141059,-0.432754363328265,0.));
#2013=DIRECTION('',(-0.901511875141059,-0.432754363328265,0.));
#2014=DIRECTION('',(0.,0.,-1.));
#2015=DIRECTION('center_axis',(0.,0.,1.));
#2016=DIRECTION('ref_axis',(1.,0.,0.));
#2017=DIRECTION('',(-0.432754363328265,0.901511875141059,0.));
#2018=DIRECTION('',(-1.,0.,0.));
#2019=DIRECTION('center_axis',(0.,-1.,0.));
#2020=DIRECTION('ref_axis',(0.,0.,1.));
#2021=DIRECTION('',(-1.,0.,0.));
#2022=DIRECTION('center_axis',(0.,0.,-1.));
#2023=DIRECTION('ref_axis',(-1.,0.,0.));
#2024=DIRECTION('',(-0.432754363328265,0.901511875141059,0.));
#2025=DIRECTION('center_axis',(0.901511875141059,0.432754363328265,0.));
#2026=DIRECTION('ref_axis',(0.,0.,-1.));
#2027=DIRECTION('center_axis',(1.,0.,0.));
#2028=DIRECTION('ref_axis',(0.,-1.,0.));
#2029=DIRECTION('',(0.,-1.,0.));
#2030=DIRECTION('',(0.,0.,-1.));
#2031=DIRECTION('',(0.,-1.,0.));
#2032=DIRECTION('',(0.,0.,-1.));
#2033=DIRECTION('center_axis',(0.960564264414561,-0.278058076541057,0.));
#2034=DIRECTION('ref_axis',(-0.278058076541057,-0.960564264414561,0.));
#2035=DIRECTION('',(-0.278058076541057,-0.960564264414561,0.));
#2036=DIRECTION('',(0.,0.,-1.));
#2037=DIRECTION('',(-0.278058076541057,-0.960564264414561,0.));
#2038=DIRECTION('center_axis',(0.432754363328265,-0.901511875141059,0.));
#2039=DIRECTION('ref_axis',(-0.901511875141059,-0.432754363328265,0.));
#2040=DIRECTION('',(-0.901511875141059,-0.432754363328265,0.));
#2041=DIRECTION('',(0.,0.,-1.));
#2042=DIRECTION('',(-0.901511875141059,-0.432754363328265,0.));
#2043=DIRECTION('center_axis',(1.,0.,0.));
#2044=DIRECTION('ref_axis',(0.,-1.,0.));
#2045=DIRECTION('',(0.,-1.,0.));
#2046=DIRECTION('',(0.,0.,-1.));
#2047=DIRECTION('',(0.,-1.,0.));
#2048=DIRECTION('',(0.,0.,1.));
#2049=DIRECTION('center_axis',(0.960564264414561,-0.278058076541057,0.));
#2050=DIRECTION('ref_axis',(-0.278058076541057,-0.960564264414561,0.));
#2051=DIRECTION('',(-0.278058076541057,-0.960564264414561,0.));
#2052=DIRECTION('',(-0.278058076541057,-0.960564264414561,0.));
#2053=DIRECTION('',(0.,0.,1.));
#2054=DIRECTION('center_axis',(0.432754363328265,-0.901511875141059,0.));
#2055=DIRECTION('ref_axis',(-0.901511875141059,-0.432754363328265,0.));
#2056=DIRECTION('',(-0.901511875141059,-0.432754363328265,0.));
#2057=DIRECTION('',(-0.901511875141059,-0.432754363328265,0.));
#2058=DIRECTION('',(0.,0.,-1.));
#2059=DIRECTION('center_axis',(0.,0.,1.));
#2060=DIRECTION('ref_axis',(1.,0.,0.));
#2061=DIRECTION('',(-0.432754363328265,0.901511875141059,0.));
#2062=DIRECTION('',(-1.,0.,0.));
#2063=DIRECTION('center_axis',(0.,-1.,0.));
#2064=DIRECTION('ref_axis',(0.,0.,1.));
#2065=DIRECTION('',(-1.,0.,0.));
#2066=DIRECTION('center_axis',(0.,0.,-1.));
#2067=DIRECTION('ref_axis',(-1.,0.,0.));
#2068=DIRECTION('',(-0.432754363328265,0.901511875141059,0.));
#2069=DIRECTION('center_axis',(0.901511875141059,0.432754363328265,0.));
#2070=DIRECTION('ref_axis',(0.,0.,-1.));
#2071=CARTESIAN_POINT('',(0.,0.,0.));
#2072=CARTESIAN_POINT('Origin',(0.,6.3,0.));
#2073=CARTESIAN_POINT('',(0.75,2.8,9.18485099360515E-17));
#2074=CARTESIAN_POINT('Origin',(0.,2.8,0.));
#2075=CARTESIAN_POINT('',(0.75,0.3,-9.18485099360515E-17));
#2076=CARTESIAN_POINT('',(0.75,6.3,9.18485099360515E-17));
#2077=CARTESIAN_POINT('Origin',(0.,0.3,0.));
#2078=CARTESIAN_POINT('Origin',(0.,0.3,0.));
#2079=CARTESIAN_POINT('Origin',(4.51144142209167,3.,-4.48855857790833));
#2080=CARTESIAN_POINT('',(4.92720605777115,3.,-4.48855857790833));
#2081=CARTESIAN_POINT('Origin',(4.51144142209167,3.,-4.48855857790833));
#2082=CARTESIAN_POINT('',(4.92720605777115,2.8,-4.48855857790833));
#2083=CARTESIAN_POINT('',(4.92720605777115,3.,-4.48855857790833));
#2084=CARTESIAN_POINT('Origin',(4.51144142209167,2.8,-4.48855857790833));
#2085=CARTESIAN_POINT('Origin',(4.51144142209167,3.,4.51144142209167));
#2086=CARTESIAN_POINT('',(4.92720605777115,3.,4.51144142209167));
#2087=CARTESIAN_POINT('Origin',(4.51144142209167,3.,4.51144142209167));
#2088=CARTESIAN_POINT('',(4.92720605777115,2.8,4.51144142209167));
#2089=CARTESIAN_POINT('',(4.92720605777115,3.,4.51144142209167));
#2090=CARTESIAN_POINT('Origin',(4.51144142209167,2.8,4.51144142209167));
#2091=CARTESIAN_POINT('Origin',(-4.48855857790833,3.,-4.48855857790833));
#2092=CARTESIAN_POINT('',(-4.07279394222885,3.,-4.48855857790833));
#2093=CARTESIAN_POINT('Origin',(-4.48855857790833,3.,-4.48855857790833));
#2094=CARTESIAN_POINT('',(-4.07279394222885,2.8,-4.48855857790833));
#2095=CARTESIAN_POINT('',(-4.07279394222885,3.,-4.48855857790833));
#2096=CARTESIAN_POINT('Origin',(-4.48855857790833,2.8,-4.48855857790833));
#2097=CARTESIAN_POINT('Origin',(-4.48855857790833,3.,4.51144142209167));
#2098=CARTESIAN_POINT('',(-4.07279394222885,3.,4.51144142209167));
#2099=CARTESIAN_POINT('Origin',(-4.48855857790833,3.,4.51144142209167));
#2100=CARTESIAN_POINT('',(-4.07279394222885,2.8,4.51144142209167));
#2101=CARTESIAN_POINT('',(-4.07279394222885,3.,4.51144142209167));
#2102=CARTESIAN_POINT('Origin',(-4.48855857790833,2.8,4.51144142209167));
#2103=CARTESIAN_POINT('Origin',(-5.22492515279942,3.,4.95));
#2104=CARTESIAN_POINT('',(-5.22492515279942,3.,4.95));
#2105=CARTESIAN_POINT('',(-5.22492515279942,3.,-4.95));
#2106=CARTESIAN_POINT('',(-5.22492515279942,3.,2.475));
#2107=CARTESIAN_POINT('',(-5.22492515279942,2.8,4.95));
#2108=CARTESIAN_POINT('',(-5.22492515279942,3.,4.95));
#2109=CARTESIAN_POINT('',(-5.22492515279942,2.8,-4.95));
#2110=CARTESIAN_POINT('',(-5.22492515279942,2.8,-4.95));
#2111=CARTESIAN_POINT('',(-5.22492515279942,3.,-4.95));
#2112=CARTESIAN_POINT('Origin',(-4.95,3.,4.95));
#2113=CARTESIAN_POINT('',(-4.95,3.,5.22492515279942));
#2114=CARTESIAN_POINT('Origin',(-4.95,3.,4.95));
#2115=CARTESIAN_POINT('',(-4.95,2.8,5.22492515279942));
#2116=CARTESIAN_POINT('',(-4.95,3.,5.22492515279942));
#2117=CARTESIAN_POINT('Origin',(-4.95,2.8,4.95));
#2118=CARTESIAN_POINT('Origin',(4.95,3.,5.22492515279942));
#2119=CARTESIAN_POINT('',(4.95,3.,5.22492515279942));
#2120=CARTESIAN_POINT('',(2.475,3.,5.22492515279942));
#2121=CARTESIAN_POINT('',(4.95,2.8,5.22492515279942));
#2122=CARTESIAN_POINT('',(4.95,3.,5.22492515279942));
#2123=CARTESIAN_POINT('',(-4.95,2.8,5.22492515279942));
#2124=CARTESIAN_POINT('Origin',(4.95,3.,4.95));
#2125=CARTESIAN_POINT('',(5.22492515279942,3.,4.95));
#2126=CARTESIAN_POINT('Origin',(4.95,3.,4.95));
#2127=CARTESIAN_POINT('',(5.22492515279942,2.8,4.95));
#2128=CARTESIAN_POINT('',(5.22492515279942,3.,4.95));
#2129=CARTESIAN_POINT('Origin',(4.95,2.8,4.95));
#2130=CARTESIAN_POINT('Origin',(5.22492515279942,3.,-4.95));
#2131=CARTESIAN_POINT('',(5.22492515279942,3.,-4.95));
#2132=CARTESIAN_POINT('',(5.22492515279942,3.,-2.475));
#2133=CARTESIAN_POINT('',(5.22492515279942,2.8,-4.95));
#2134=CARTESIAN_POINT('',(5.22492515279942,3.,-4.95));
#2135=CARTESIAN_POINT('',(5.22492515279942,2.8,4.95));
#2136=CARTESIAN_POINT('Origin',(4.95,3.,-4.95));
#2137=CARTESIAN_POINT('',(4.95,3.,-5.22492515279942));
#2138=CARTESIAN_POINT('Origin',(4.95,3.,-4.95));
#2139=CARTESIAN_POINT('',(4.95,2.8,-5.22492515279942));
#2140=CARTESIAN_POINT('',(4.95,3.,-5.22492515279942));
#2141=CARTESIAN_POINT('Origin',(4.95,2.8,-4.95));
#2142=CARTESIAN_POINT('Origin',(-4.95,3.,-5.22492515279942));
#2143=CARTESIAN_POINT('',(-4.95,3.,-5.22492515279942));
#2144=CARTESIAN_POINT('',(-2.475,3.,-5.22492515279942));
#2145=CARTESIAN_POINT('',(-4.95,2.8,-5.22492515279942));
#2146=CARTESIAN_POINT('',(-4.95,3.,-5.22492515279942));
#2147=CARTESIAN_POINT('',(4.95,2.8,-5.22492515279942));
#2148=CARTESIAN_POINT('Origin',(-4.95,3.,-4.95));
#2149=CARTESIAN_POINT('Origin',(-4.95,3.,-4.95));
#2150=CARTESIAN_POINT('Origin',(-4.95,2.8,-4.95));
#2151=CARTESIAN_POINT('Origin',(-1.11022302462516E-15,2.8,0.));
#2152=CARTESIAN_POINT('Origin',(0.,3.,0.));
#2153=CARTESIAN_POINT('',(5.95,3.,-4.95));
#2154=CARTESIAN_POINT('',(4.95,3.,-5.95));
#2155=CARTESIAN_POINT('Origin',(4.95,3.,-4.95));
#2156=CARTESIAN_POINT('',(-4.95,3.,-5.95));
#2157=CARTESIAN_POINT('',(4.95,3.,-5.95));
#2158=CARTESIAN_POINT('',(-5.95,3.,-4.95));
#2159=CARTESIAN_POINT('Origin',(-4.95,3.,-4.95));
#2160=CARTESIAN_POINT('',(-5.95,3.,4.95));
#2161=CARTESIAN_POINT('',(-5.95,3.,-4.95));
#2162=CARTESIAN_POINT('',(-4.95,3.,5.95));
#2163=CARTESIAN_POINT('Origin',(-4.95,3.,4.95));
#2164=CARTESIAN_POINT('',(4.95,3.,5.95));
#2165=CARTESIAN_POINT('',(-4.95,3.,5.95));
#2166=CARTESIAN_POINT('',(5.95,3.,4.95));
#2167=CARTESIAN_POINT('Origin',(4.95,3.,4.95));
#2168=CARTESIAN_POINT('',(5.95,3.,4.95));
#2169=CARTESIAN_POINT('Origin',(0.,3.,0.));
#2170=CARTESIAN_POINT('Origin',(0.,3.,0.));
#2171=CARTESIAN_POINT('Origin',(0.,3.,0.));
#2172=CARTESIAN_POINT('Origin',(5.95,0.,4.95));
#2173=CARTESIAN_POINT('',(5.95,0.,4.95));
#2174=CARTESIAN_POINT('',(5.95,0.,-4.95));
#2175=CARTESIAN_POINT('',(5.95,0.,4.95));
#2176=CARTESIAN_POINT('',(5.95,0.,-4.95));
#2177=CARTESIAN_POINT('',(5.95,0.,4.95));
#2178=CARTESIAN_POINT('Origin',(4.95,0.,4.95));
#2179=CARTESIAN_POINT('',(4.95,0.,5.95));
#2180=CARTESIAN_POINT('Origin',(4.95,0.,4.95));
#2181=CARTESIAN_POINT('',(4.95,0.,5.95));
#2182=CARTESIAN_POINT('Origin',(-4.95,0.,5.95));
#2183=CARTESIAN_POINT('',(-4.95,0.,5.95));
#2184=CARTESIAN_POINT('',(-4.95,0.,5.95));
#2185=CARTESIAN_POINT('',(-4.95,0.,5.95));
#2186=CARTESIAN_POINT('Origin',(-4.95,0.,4.95));
#2187=CARTESIAN_POINT('',(-5.95,0.,4.95));
#2188=CARTESIAN_POINT('Origin',(-4.95,0.,4.95));
#2189=CARTESIAN_POINT('',(-5.95,0.,4.95));
#2190=CARTESIAN_POINT('Origin',(-5.95,0.,-4.95));
#2191=CARTESIAN_POINT('',(-5.95,0.,-4.95));
#2192=CARTESIAN_POINT('',(-5.95,0.,-4.95));
#2193=CARTESIAN_POINT('',(-5.95,0.,-4.95));
#2194=CARTESIAN_POINT('Origin',(-4.95,0.,-4.95));
#2195=CARTESIAN_POINT('',(-4.95,0.,-5.95));
#2196=CARTESIAN_POINT('Origin',(-4.95,0.,-4.95));
#2197=CARTESIAN_POINT('',(-4.95,0.,-5.95));
#2198=CARTESIAN_POINT('Origin',(4.95,0.,-5.95));
#2199=CARTESIAN_POINT('',(4.95,0.,-5.95));
#2200=CARTESIAN_POINT('',(4.95,0.,-5.95));
#2201=CARTESIAN_POINT('',(4.95,0.,-5.95));
#2202=CARTESIAN_POINT('Origin',(4.95,0.,-4.95));
#2203=CARTESIAN_POINT('Origin',(4.95,0.,-4.95));
#2204=CARTESIAN_POINT('Origin',(0.,3.,0.));
#2205=CARTESIAN_POINT('Origin',(0.,0.,0.));
#2206=CARTESIAN_POINT('Origin',(0.,6.3,0.));
#2207=CARTESIAN_POINT('',(0.75,6.3,-9.18485099360515E-17));
#2208=CARTESIAN_POINT('Origin',(0.,6.3,0.));
#2209=CARTESIAN_POINT('',(0.75,3.,-9.18485099360515E-17));
#2210=CARTESIAN_POINT('',(0.75,6.3,9.18485099360515E-17));
#2211=CARTESIAN_POINT('Origin',(0.,3.,0.));
#2212=CARTESIAN_POINT('Origin',(-1.3,4.5,-1.3));
#2213=CARTESIAN_POINT('',(-1.8,6.3,-1.3));
#2214=CARTESIAN_POINT('',(-1.3,6.3,-1.8));
#2215=CARTESIAN_POINT('Origin',(-1.3,6.3,-1.3));
#2216=CARTESIAN_POINT('',(-1.3,4.5,-1.8));
#2217=CARTESIAN_POINT('',(-1.3,4.5,-1.8));
#2218=CARTESIAN_POINT('',(-1.8,4.5,-1.3));
#2219=CARTESIAN_POINT('Origin',(-1.3,4.5,-1.3));
#2220=CARTESIAN_POINT('',(-1.8,4.5,-1.3));
#2221=CARTESIAN_POINT('Origin',(0.,4.5,0.));
#2222=CARTESIAN_POINT('',(1.3,4.5,-1.8));
#2223=CARTESIAN_POINT('',(1.8,4.5,-1.8));
#2224=CARTESIAN_POINT('',(1.8,4.5,-1.3));
#2225=CARTESIAN_POINT('Origin',(1.3,4.5,-1.3));
#2226=CARTESIAN_POINT('',(1.8,4.5,1.3));
#2227=CARTESIAN_POINT('',(1.8,4.5,1.8));
#2228=CARTESIAN_POINT('',(1.3,4.5,1.8));
#2229=CARTESIAN_POINT('Origin',(1.3,4.5,1.3));
#2230=CARTESIAN_POINT('',(-1.3,4.5,1.8));
#2231=CARTESIAN_POINT('',(-1.8,4.5,1.8));
#2232=CARTESIAN_POINT('',(-1.8,4.5,1.3));
#2233=CARTESIAN_POINT('Origin',(-1.3,4.5,1.3));
#2234=CARTESIAN_POINT('',(-1.8,4.5,-1.8));
#2235=CARTESIAN_POINT('',(1.3,4.5,-1.3));
#2236=CARTESIAN_POINT('',(-1.3,4.5,-1.3));
#2237=CARTESIAN_POINT('',(1.3,4.5,-1.3));
#2238=CARTESIAN_POINT('',(-1.3,4.5,1.3));
#2239=CARTESIAN_POINT('',(-1.3,4.5,-1.3));
#2240=CARTESIAN_POINT('',(1.3,4.5,1.3));
#2241=CARTESIAN_POINT('',(-1.3,4.5,1.3));
#2242=CARTESIAN_POINT('',(1.3,4.5,1.3));
#2243=CARTESIAN_POINT('Origin',(1.8,4.5,-1.8));
#2244=CARTESIAN_POINT('',(1.3,6.3,-1.8));
#2245=CARTESIAN_POINT('',(1.8,6.3,-1.8));
#2246=CARTESIAN_POINT('',(1.3,4.5,-1.8));
#2247=CARTESIAN_POINT('Origin',(1.3,4.5,-1.3));
#2248=CARTESIAN_POINT('',(1.8,6.3,-1.3));
#2249=CARTESIAN_POINT('Origin',(1.3,6.3,-1.3));
#2250=CARTESIAN_POINT('',(1.8,4.5,-1.3));
#2251=CARTESIAN_POINT('Origin',(1.3,4.5,1.3));
#2252=CARTESIAN_POINT('',(1.8,6.3,1.3));
#2253=CARTESIAN_POINT('',(1.3,6.3,1.8));
#2254=CARTESIAN_POINT('Origin',(1.3,6.3,1.3));
#2255=CARTESIAN_POINT('',(1.3,4.5,1.8));
#2256=CARTESIAN_POINT('',(1.8,4.5,1.3));
#2257=CARTESIAN_POINT('Origin',(-1.8,4.5,1.8));
#2258=CARTESIAN_POINT('',(-1.3,6.3,1.8));
#2259=CARTESIAN_POINT('',(-1.8,6.3,1.8));
#2260=CARTESIAN_POINT('',(-1.3,4.5,1.8));
#2261=CARTESIAN_POINT('Origin',(-1.3,4.5,1.3));
#2262=CARTESIAN_POINT('',(-1.8,6.3,1.3));
#2263=CARTESIAN_POINT('Origin',(-1.3,6.3,1.3));
#2264=CARTESIAN_POINT('',(-1.8,4.5,1.3));
#2265=CARTESIAN_POINT('Origin',(-1.8,4.5,-1.8));
#2266=CARTESIAN_POINT('',(-1.8,6.3,-1.8));
#2267=CARTESIAN_POINT('Origin',(1.8,4.5,1.8));
#2268=CARTESIAN_POINT('',(1.8,6.3,1.8));
#2269=CARTESIAN_POINT('Origin',(0.,6.3,0.));
#2270=CARTESIAN_POINT('Origin',(1.3,3.5,-1.3));
#2271=CARTESIAN_POINT('',(-1.3,3.5,-1.3));
#2272=CARTESIAN_POINT('',(1.3,3.5,-1.3));
#2273=CARTESIAN_POINT('',(0.65,3.5,-1.3));
#2274=CARTESIAN_POINT('',(-1.3,3.5,-1.3));
#2275=CARTESIAN_POINT('',(1.3,3.5,-1.3));
#2276=CARTESIAN_POINT('Origin',(1.3,3.5,1.3));
#2277=CARTESIAN_POINT('',(1.3,3.5,1.3));
#2278=CARTESIAN_POINT('',(1.3,3.5,0.65));
#2279=CARTESIAN_POINT('',(1.3,3.5,1.3));
#2280=CARTESIAN_POINT('Origin',(-1.3,3.5,1.3));
#2281=CARTESIAN_POINT('',(-1.3,3.5,1.3));
#2282=CARTESIAN_POINT('',(-0.65,3.5,1.3));
#2283=CARTESIAN_POINT('',(-1.3,3.5,1.3));
#2284=CARTESIAN_POINT('Origin',(-1.3,3.5,-1.3));
#2285=CARTESIAN_POINT('',(-1.3,3.5,-0.65));
#2286=CARTESIAN_POINT('Origin',(0.,3.,0.));
#2287=CARTESIAN_POINT('',(3.25,3.5,-3.9801020972289E-16));
#2288=CARTESIAN_POINT('Origin',(0.,3.5,0.));
#2289=CARTESIAN_POINT('',(3.25,3.,-3.9801020972289E-16));
#2290=CARTESIAN_POINT('',(3.25,3.,-3.9801020972289E-16));
#2291=CARTESIAN_POINT('Origin',(0.,3.,0.));
#2292=CARTESIAN_POINT('Origin',(0.,3.5,0.));
#2293=CARTESIAN_POINT('Origin',(0.,3.,0.));
#2294=CARTESIAN_POINT('Origin',(7.40794901954635,-2.20458162953649,2.95));
#2295=CARTESIAN_POINT('',(7.40794901954635,-2.20458162953649,2.95));
#2296=CARTESIAN_POINT('',(7.40794901954635,-3.7,2.95));
#2297=CARTESIAN_POINT('',(7.40794901954635,-2.20458162953649,2.95));
#2298=CARTESIAN_POINT('',(7.40794901954635,-3.7,1.95));
#2299=CARTESIAN_POINT('',(7.40794901954635,-3.7,2.95));
#2300=CARTESIAN_POINT('',(7.40794901954635,-2.20458162953649,1.95));
#2301=CARTESIAN_POINT('',(7.40794901954635,-2.20458162953649,1.95));
#2302=CARTESIAN_POINT('',(7.40794901954635,-2.20458162953649,2.95));
#2303=CARTESIAN_POINT('Origin',(6.64993611290869,0.414008411575425,2.95));
#2304=CARTESIAN_POINT('',(6.64993611290869,0.414008411575425,2.95));
#2305=CARTESIAN_POINT('',(6.64993611290869,0.414008411575425,2.95));
#2306=CARTESIAN_POINT('',(6.64993611290869,0.414008411575425,1.95));
#2307=CARTESIAN_POINT('',(6.64993611290869,0.414008411575425,1.95));
#2308=CARTESIAN_POINT('',(6.64993611290869,0.414008411575425,2.95));
#2309=CARTESIAN_POINT('Origin',(5.95,0.75,2.95));
#2310=CARTESIAN_POINT('',(5.95,0.75,2.95));
#2311=CARTESIAN_POINT('',(5.95,0.75,2.95));
#2312=CARTESIAN_POINT('',(5.95,0.75,1.95));
#2313=CARTESIAN_POINT('',(5.95,0.75,1.95));
#2314=CARTESIAN_POINT('',(5.95,0.75,2.95));
#2315=CARTESIAN_POINT('Origin',(7.15794901954635,-2.20458162953649,2.95));
#2316=CARTESIAN_POINT('',(7.15794901954635,-2.24003801339342,2.95));
#2317=CARTESIAN_POINT('',(7.15794901954635,-3.7,2.95));
#2318=CARTESIAN_POINT('',(7.15794901954635,-2.20458162953649,2.95));
#2319=CARTESIAN_POINT('',(7.15794901954635,-2.24003801339342,1.95));
#2320=CARTESIAN_POINT('',(7.15794901954635,-2.24003801339342,2.95));
#2321=CARTESIAN_POINT('',(7.15794901954635,-3.7,1.95));
#2322=CARTESIAN_POINT('',(7.15794901954635,-2.20458162953649,1.95));
#2323=CARTESIAN_POINT('',(7.15794901954635,-3.7,2.95));
#2324=CARTESIAN_POINT('Origin',(6.40979504680505,0.344493892440161,2.95));
#2325=CARTESIAN_POINT('',(6.44089998586909,0.237040466582567,2.95));
#2326=CARTESIAN_POINT('',(6.40979504680505,0.344493892440161,2.95));
#2327=CARTESIAN_POINT('',(6.44089998586909,0.237040466582567,1.95));
#2328=CARTESIAN_POINT('',(6.44089998586909,0.237040466582567,2.95));
#2329=CARTESIAN_POINT('',(6.40979504680505,0.344493892440161,1.95));
#2330=CARTESIAN_POINT('Origin',(5.84181140916793,0.524622031214736,2.95));
#2331=CARTESIAN_POINT('',(5.84181140916793,0.524622031214736,2.95));
#2332=CARTESIAN_POINT('',(5.84181140916793,0.524622031214736,2.95));
#2333=CARTESIAN_POINT('',(5.84181140916793,0.524622031214736,1.95));
#2334=CARTESIAN_POINT('',(5.84181140916793,0.524622031214736,2.95));
#2335=CARTESIAN_POINT('',(5.84181140916793,0.524622031214736,1.95));
#2336=CARTESIAN_POINT('Origin',(7.40794901954635,-2.95229081476824,2.95));
#2337=CARTESIAN_POINT('',(7.40794901954635,-3.7,2.95));
#2338=CARTESIAN_POINT('',(5.95,0.75,2.95));
#2339=CARTESIAN_POINT('Origin',(7.40794901954635,-3.7,2.45));
#2340=CARTESIAN_POINT('',(7.40794901954635,-3.7,1.95));
#2341=CARTESIAN_POINT('Origin',(7.40794901954635,-2.95229081476824,1.95));
#2342=CARTESIAN_POINT('',(5.95,0.75,1.95));
#2343=CARTESIAN_POINT('Origin',(5.95,0.75,2.45));
#2344=CARTESIAN_POINT('Origin',(7.40794901954635,-2.20458162953649,-2.05));
#2345=CARTESIAN_POINT('',(7.40794901954635,-2.20458162953649,-2.05));
#2346=CARTESIAN_POINT('',(7.40794901954635,-3.7,-2.05));
#2347=CARTESIAN_POINT('',(7.40794901954635,-2.20458162953649,-2.05));
#2348=CARTESIAN_POINT('',(7.40794901954635,-3.7,-3.05));
#2349=CARTESIAN_POINT('',(7.40794901954635,-3.7,-2.05));
#2350=CARTESIAN_POINT('',(7.40794901954635,-2.20458162953649,-3.05));
#2351=CARTESIAN_POINT('',(7.40794901954635,-2.20458162953649,-3.05));
#2352=CARTESIAN_POINT('',(7.40794901954635,-2.20458162953649,-2.05));
#2353=CARTESIAN_POINT('Origin',(6.64993611290869,0.414008411575425,-2.05));
#2354=CARTESIAN_POINT('',(6.64993611290869,0.414008411575425,-2.05));
#2355=CARTESIAN_POINT('',(6.64993611290869,0.414008411575425,-2.05));
#2356=CARTESIAN_POINT('',(6.64993611290869,0.414008411575425,-3.05));
#2357=CARTESIAN_POINT('',(6.64993611290869,0.414008411575425,-3.05));
#2358=CARTESIAN_POINT('',(6.64993611290869,0.414008411575425,-2.05));
#2359=CARTESIAN_POINT('Origin',(5.95,0.75,-2.05));
#2360=CARTESIAN_POINT('',(5.95,0.75,-2.05));
#2361=CARTESIAN_POINT('',(5.95,0.75,-2.05));
#2362=CARTESIAN_POINT('',(5.95,0.75,-3.05));
#2363=CARTESIAN_POINT('',(5.95,0.75,-3.05));
#2364=CARTESIAN_POINT('',(5.95,0.75,-2.05));
#2365=CARTESIAN_POINT('Origin',(7.15794901954635,-2.20458162953649,-2.05));
#2366=CARTESIAN_POINT('',(7.15794901954635,-2.24003801339342,-2.05));
#2367=CARTESIAN_POINT('',(7.15794901954635,-3.7,-2.05));
#2368=CARTESIAN_POINT('',(7.15794901954635,-2.20458162953649,-2.05));
#2369=CARTESIAN_POINT('',(7.15794901954635,-2.24003801339342,-3.05));
#2370=CARTESIAN_POINT('',(7.15794901954635,-2.24003801339342,-2.05));
#2371=CARTESIAN_POINT('',(7.15794901954635,-3.7,-3.05));
#2372=CARTESIAN_POINT('',(7.15794901954635,-2.20458162953649,-3.05));
#2373=CARTESIAN_POINT('',(7.15794901954635,-3.7,-2.05));
#2374=CARTESIAN_POINT('Origin',(6.40979504680505,0.344493892440161,-2.05));
#2375=CARTESIAN_POINT('',(6.44089998586909,0.237040466582567,-2.05));
#2376=CARTESIAN_POINT('',(6.40979504680505,0.344493892440161,-2.05));
#2377=CARTESIAN_POINT('',(6.44089998586909,0.237040466582567,-3.05));
#2378=CARTESIAN_POINT('',(6.44089998586909,0.237040466582567,-2.05));
#2379=CARTESIAN_POINT('',(6.40979504680505,0.344493892440161,-3.05));
#2380=CARTESIAN_POINT('Origin',(5.84181140916793,0.524622031214736,-2.05));
#2381=CARTESIAN_POINT('',(5.84181140916793,0.524622031214736,-2.05));
#2382=CARTESIAN_POINT('',(5.84181140916793,0.524622031214736,-2.05));
#2383=CARTESIAN_POINT('',(5.84181140916793,0.524622031214736,-3.05));
#2384=CARTESIAN_POINT('',(5.84181140916793,0.524622031214736,-2.05));
#2385=CARTESIAN_POINT('',(5.84181140916793,0.524622031214736,-3.05));
#2386=CARTESIAN_POINT('Origin',(7.40794901954635,-2.95229081476824,-2.05));
#2387=CARTESIAN_POINT('',(7.40794901954635,-3.7,-2.05));
#2388=CARTESIAN_POINT('',(5.95,0.75,-2.05));
#2389=CARTESIAN_POINT('Origin',(7.40794901954635,-3.7,-2.55));
#2390=CARTESIAN_POINT('',(7.40794901954635,-3.7,-3.05));
#2391=CARTESIAN_POINT('Origin',(7.40794901954635,-2.95229081476824,-3.05));
#2392=CARTESIAN_POINT('',(5.95,0.75,-3.05));
#2393=CARTESIAN_POINT('Origin',(5.95,0.75,-2.55));
#2394=CARTESIAN_POINT('Origin',(-7.40794901954635,-2.20458162953649,2.95));
#2395=CARTESIAN_POINT('',(-7.40794901954635,-2.20458162953649,2.95));
#2396=CARTESIAN_POINT('',(-7.40794901954635,-3.7,2.95));
#2397=CARTESIAN_POINT('',(-7.40794901954635,-2.20458162953649,2.95));
#2398=CARTESIAN_POINT('',(-7.40794901954635,-2.20458162953649,1.95));
#2399=CARTESIAN_POINT('',(-7.40794901954635,-2.20458162953649,2.95));
#2400=CARTESIAN_POINT('',(-7.40794901954635,-3.7,1.95));
#2401=CARTESIAN_POINT('',(-7.40794901954635,-2.20458162953649,1.95));
#2402=CARTESIAN_POINT('',(-7.40794901954635,-3.7,2.95));
#2403=CARTESIAN_POINT('Origin',(-6.64993611290869,0.414008411575425,2.95));
#2404=CARTESIAN_POINT('',(-6.64993611290869,0.414008411575425,2.95));
#2405=CARTESIAN_POINT('',(-6.64993611290869,0.414008411575425,2.95));
#2406=CARTESIAN_POINT('',(-6.64993611290869,0.414008411575425,1.95));
#2407=CARTESIAN_POINT('',(-6.64993611290869,0.414008411575425,2.95));
#2408=CARTESIAN_POINT('',(-6.64993611290869,0.414008411575425,1.95));
#2409=CARTESIAN_POINT('Origin',(-5.95,0.75,2.95));
#2410=CARTESIAN_POINT('',(-5.95,0.75,2.95));
#2411=CARTESIAN_POINT('',(-5.95,0.75,2.95));
#2412=CARTESIAN_POINT('',(-5.95,0.75,1.95));
#2413=CARTESIAN_POINT('',(-5.95,0.75,2.95));
#2414=CARTESIAN_POINT('',(-5.95,0.75,1.95));
#2415=CARTESIAN_POINT('Origin',(-7.15794901954635,-2.20458162953649,2.95));
#2416=CARTESIAN_POINT('',(-7.15794901954635,-2.24003801339342,2.95));
#2417=CARTESIAN_POINT('',(-7.15794901954635,-3.7,2.95));
#2418=CARTESIAN_POINT('',(-7.15794901954635,-2.20458162953649,2.95));
#2419=CARTESIAN_POINT('',(-7.15794901954635,-3.7,1.95));
#2420=CARTESIAN_POINT('',(-7.15794901954635,-3.7,2.95));
#2421=CARTESIAN_POINT('',(-7.15794901954635,-2.24003801339342,1.95));
#2422=CARTESIAN_POINT('',(-7.15794901954635,-2.20458162953649,1.95));
#2423=CARTESIAN_POINT('',(-7.15794901954635,-2.24003801339342,2.95));
#2424=CARTESIAN_POINT('Origin',(-6.40979504680505,0.344493892440161,2.95));
#2425=CARTESIAN_POINT('',(-6.44089998586909,0.237040466582567,2.95));
#2426=CARTESIAN_POINT('',(-6.40979504680505,0.344493892440161,2.95));
#2427=CARTESIAN_POINT('',(-6.44089998586909,0.237040466582567,1.95));
#2428=CARTESIAN_POINT('',(-6.40979504680505,0.344493892440161,1.95));
#2429=CARTESIAN_POINT('',(-6.44089998586909,0.237040466582567,2.95));
#2430=CARTESIAN_POINT('Origin',(-5.84181140916793,0.524622031214736,2.95));
#2431=CARTESIAN_POINT('',(-5.84181140916793,0.524622031214736,2.95));
#2432=CARTESIAN_POINT('',(-5.84181140916793,0.524622031214736,2.95));
#2433=CARTESIAN_POINT('',(-5.84181140916793,0.524622031214736,1.95));
#2434=CARTESIAN_POINT('',(-5.84181140916793,0.524622031214736,1.95));
#2435=CARTESIAN_POINT('',(-5.84181140916793,0.524622031214736,2.95));
#2436=CARTESIAN_POINT('Origin',(-7.40794901954635,-2.95229081476824,2.95));
#2437=CARTESIAN_POINT('',(-5.95,0.75,2.95));
#2438=CARTESIAN_POINT('',(-7.40794901954635,-3.7,2.95));
#2439=CARTESIAN_POINT('Origin',(-7.40794901954635,-3.7,2.45));
#2440=CARTESIAN_POINT('',(-7.40794901954635,-3.7,1.95));
#2441=CARTESIAN_POINT('Origin',(-7.40794901954635,-2.95229081476824,1.95));
#2442=CARTESIAN_POINT('',(-5.95,0.75,1.95));
#2443=CARTESIAN_POINT('Origin',(-5.95,0.75,2.45));
#2444=CARTESIAN_POINT('Origin',(-7.40794901954635,-2.20458162953649,-2.05));
#2445=CARTESIAN_POINT('',(-7.40794901954635,-2.20458162953649,-2.05));
#2446=CARTESIAN_POINT('',(-7.40794901954635,-3.7,-2.05));
#2447=CARTESIAN_POINT('',(-7.40794901954635,-2.20458162953649,-2.05));
#2448=CARTESIAN_POINT('',(-7.40794901954635,-2.20458162953649,-3.05));
#2449=CARTESIAN_POINT('',(-7.40794901954635,-2.20458162953649,-2.05));
#2450=CARTESIAN_POINT('',(-7.40794901954635,-3.7,-3.05));
#2451=CARTESIAN_POINT('',(-7.40794901954635,-2.20458162953649,-3.05));
#2452=CARTESIAN_POINT('',(-7.40794901954635,-3.7,-2.05));
#2453=CARTESIAN_POINT('Origin',(-6.64993611290869,0.414008411575425,-2.05));
#2454=CARTESIAN_POINT('',(-6.64993611290869,0.414008411575425,-2.05));
#2455=CARTESIAN_POINT('',(-6.64993611290869,0.414008411575425,-2.05));
#2456=CARTESIAN_POINT('',(-6.64993611290869,0.414008411575425,-3.05));
#2457=CARTESIAN_POINT('',(-6.64993611290869,0.414008411575425,-2.05));
#2458=CARTESIAN_POINT('',(-6.64993611290869,0.414008411575425,-3.05));
#2459=CARTESIAN_POINT('Origin',(-5.95,0.75,-2.05));
#2460=CARTESIAN_POINT('',(-5.95,0.75,-2.05));
#2461=CARTESIAN_POINT('',(-5.95,0.75,-2.05));
#2462=CARTESIAN_POINT('',(-5.95,0.75,-3.05));
#2463=CARTESIAN_POINT('',(-5.95,0.75,-2.05));
#2464=CARTESIAN_POINT('',(-5.95,0.75,-3.05));
#2465=CARTESIAN_POINT('Origin',(-7.15794901954635,-2.20458162953649,-2.05));
#2466=CARTESIAN_POINT('',(-7.15794901954635,-2.24003801339342,-2.05));
#2467=CARTESIAN_POINT('',(-7.15794901954635,-3.7,-2.05));
#2468=CARTESIAN_POINT('',(-7.15794901954635,-2.20458162953649,-2.05));
#2469=CARTESIAN_POINT('',(-7.15794901954635,-3.7,-3.05));
#2470=CARTESIAN_POINT('',(-7.15794901954635,-3.7,-2.05));
#2471=CARTESIAN_POINT('',(-7.15794901954635,-2.24003801339342,-3.05));
#2472=CARTESIAN_POINT('',(-7.15794901954635,-2.20458162953649,-3.05));
#2473=CARTESIAN_POINT('',(-7.15794901954635,-2.24003801339342,-2.05));
#2474=CARTESIAN_POINT('Origin',(-6.40979504680505,0.344493892440161,-2.05));
#2475=CARTESIAN_POINT('',(-6.44089998586909,0.237040466582567,-2.05));
#2476=CARTESIAN_POINT('',(-6.40979504680505,0.344493892440161,-2.05));
#2477=CARTESIAN_POINT('',(-6.44089998586909,0.237040466582567,-3.05));
#2478=CARTESIAN_POINT('',(-6.40979504680505,0.344493892440161,-3.05));
#2479=CARTESIAN_POINT('',(-6.44089998586909,0.237040466582567,-2.05));
#2480=CARTESIAN_POINT('Origin',(-5.84181140916793,0.524622031214736,-2.05));
#2481=CARTESIAN_POINT('',(-5.84181140916793,0.524622031214736,-2.05));
#2482=CARTESIAN_POINT('',(-5.84181140916793,0.524622031214736,-2.05));
#2483=CARTESIAN_POINT('',(-5.84181140916793,0.524622031214736,-3.05));
#2484=CARTESIAN_POINT('',(-5.84181140916793,0.524622031214736,-3.05));
#2485=CARTESIAN_POINT('',(-5.84181140916793,0.524622031214736,-2.05));
#2486=CARTESIAN_POINT('Origin',(-7.40794901954635,-2.95229081476824,-2.05));
#2487=CARTESIAN_POINT('',(-5.95,0.75,-2.05));
#2488=CARTESIAN_POINT('',(-7.40794901954635,-3.7,-2.05));
#2489=CARTESIAN_POINT('Origin',(-7.40794901954635,-3.7,-2.55));
#2490=CARTESIAN_POINT('',(-7.40794901954635,-3.7,-3.05));
#2491=CARTESIAN_POINT('Origin',(-7.40794901954635,-2.95229081476824,-3.05));
#2492=CARTESIAN_POINT('',(-5.95,0.75,-3.05));
#2493=CARTESIAN_POINT('Origin',(-5.95,0.75,-2.55));
#2494=UNCERTAINTY_MEASURE_WITH_UNIT(LENGTH_MEASURE(0.01),#2498,
'DISTANCE_ACCURACY_VALUE',
'Maximum model space distance between geometric entities at asserted c
onnectivities');
#2495=UNCERTAINTY_MEASURE_WITH_UNIT(LENGTH_MEASURE(0.01),#2498,
'DISTANCE_ACCURACY_VALUE',
'Maximum model space distance between geometric entities at asserted c
onnectivities');
#2496=(
GEOMETRIC_REPRESENTATION_CONTEXT(3)
GLOBAL_UNCERTAINTY_ASSIGNED_CONTEXT((#2494))
GLOBAL_UNIT_ASSIGNED_CONTEXT((#2498,#2500,#2501))
REPRESENTATION_CONTEXT('','3D')
);
#2497=(
GEOMETRIC_REPRESENTATION_CONTEXT(3)
GLOBAL_UNCERTAINTY_ASSIGNED_CONTEXT((#2495))
GLOBAL_UNIT_ASSIGNED_CONTEXT((#2498,#2500,#2501))
REPRESENTATION_CONTEXT('','3D')
);
#2498=(
LENGTH_UNIT()
NAMED_UNIT(*)
SI_UNIT(.MILLI.,.METRE.)
);
#2499=(
LENGTH_UNIT()
NAMED_UNIT(*)
SI_UNIT($,.METRE.)
);
#2500=(
NAMED_UNIT(*)
PLANE_ANGLE_UNIT()
SI_UNIT($,.RADIAN.)
);
#2501=(
NAMED_UNIT(*)
SI_UNIT($,.STERADIAN.)
SOLID_ANGLE_UNIT()
);
#2502=SHAPE_DEFINITION_REPRESENTATION(#2503,#2504);
#2503=PRODUCT_DEFINITION_SHAPE('',$,#2506);
#2504=SHAPE_REPRESENTATION('',(#1530),#2496);
#2505=PRODUCT_DEFINITION_CONTEXT('part definition',#2510,'design');
#2506=PRODUCT_DEFINITION('Micro Push Button Yellow',
'Micro Push Button Yellow v1',#2507,#2505);
#2507=PRODUCT_DEFINITION_FORMATION('',$,#2512);
#2508=PRODUCT_RELATED_PRODUCT_CATEGORY('Micro Push Button Yellow v1',
'Micro Push Button Yellow v1',(#2512));
#2509=APPLICATION_PROTOCOL_DEFINITION('international standard',
'automotive_design',2009,#2510);
#2510=APPLICATION_CONTEXT(
'Core Data for Automotive Mechanical Design Process');
#2511=PRODUCT_CONTEXT('part definition',#2510,'mechanical');
#2512=PRODUCT('Micro Push Button Yellow','Micro Push Button Yellow v1',
$,(#2511));
#2513=PRESENTATION_STYLE_ASSIGNMENT((#2517));
#2514=PRESENTATION_STYLE_ASSIGNMENT((#2518));
#2515=PRESENTATION_STYLE_ASSIGNMENT((#2519));
#2516=PRESENTATION_STYLE_ASSIGNMENT((#2520));
#2517=SURFACE_STYLE_USAGE(.BOTH.,#2521);
#2518=SURFACE_STYLE_USAGE(.BOTH.,#2522);
#2519=SURFACE_STYLE_USAGE(.BOTH.,#2523);
#2520=SURFACE_STYLE_USAGE(.BOTH.,#2524);
#2521=SURFACE_SIDE_STYLE('',(#2525));
#2522=SURFACE_SIDE_STYLE('',(#2526));
#2523=SURFACE_SIDE_STYLE('',(#2527));
#2524=SURFACE_SIDE_STYLE('',(#2528));
#2525=SURFACE_STYLE_FILL_AREA(#2529);
#2526=SURFACE_STYLE_FILL_AREA(#2530);
#2527=SURFACE_STYLE_FILL_AREA(#2531);
#2528=SURFACE_STYLE_FILL_AREA(#2532);
#2529=FILL_AREA_STYLE('Steel - Satin',(#2533));
#2530=FILL_AREA_STYLE('Chrome',(#2534));
#2531=FILL_AREA_STYLE('Paint - Enamel Glossy (Black)',(#2535));
#2532=FILL_AREA_STYLE('Paint - Enamel Glossy (Yellow)',(#2536));
#2533=FILL_AREA_STYLE_COLOUR('Steel - Satin',#2537);
#2534=FILL_AREA_STYLE_COLOUR('Chrome',#2538);
#2535=FILL_AREA_STYLE_COLOUR('Paint - Enamel Glossy (Black)',#2539);
#2536=FILL_AREA_STYLE_COLOUR('Paint - Enamel Glossy (Yellow)',#2540);
#2537=COLOUR_RGB('Steel - Satin',0.627450980392157,0.627450980392157,0.627450980392157);
#2538=COLOUR_RGB('Chrome',0.768627450980392,0.772549019607843,0.768627450980392);
#2539=COLOUR_RGB('Paint - Enamel Glossy (Black)',0.0980392156862745,0.0980392156862745,
0.0980392156862745);
#2540=COLOUR_RGB('Paint - Enamel Glossy (Yellow)',0.909803921568627,0.67843137254902,
0.137254901960784);
ENDSEC;
END-ISO-10303-21;
